2019-08-24 12:05:19,192.168.0.111,UPDATE,4225,4226,|1x=24b*0+1,'a',1,0
2019-08-24 12:05:20,192.168.0.111,UPDATE,4226,4225,|1x=24b-1,'',0,1
2019-08-24 12:05:26,192.168.0.111,UPDATE,4225,4226,|1w=238=12*0+1,'',1,0
2019-08-24 12:05:27,192.168.0.111,UPDATE,4226,4227,|1w=238=13*0+1,'',1,0
2019-08-24 12:05:28,192.168.0.111,UPDATE,4227,4226,|1w=238=13-1,'',0,1
2019-08-24 12:05:29,192.168.0.111,UPDATE,4226,4225,|1w=238=12-1,'',0,1
2019-08-24 12:10:44,192.168.0.106,UPDATE,4225,4226,|g=nl=12*0+1,'',1,0
2019-08-24 12:10:47,192.168.0.111,UPDATE,4225,4226,|1w=238=12*0+1,'',1,0
2019-08-24 12:10:47,192.168.0.111,UPDATE,4226,4228,|1w=238=13*0+2,'',1,0
2019-08-24 12:10:48,192.168.0.111,UPDATE,4228,4231,|1w=238=15*0+3,'',1,0
2019-08-24 12:10:48,192.168.0.111,UPDATE,4231,4234,|1w=238=18*0+3,'',1,0
2019-08-24 12:10:49,192.168.0.107,UPDATE,4234,4235,|g=nl=12*0+1,'',1,0
2019-08-24 12:10:49,192.168.0.111,UPDATE,4234,4236,|1w=238=1b*0+2,'',1,0
2019-08-24 12:10:49,192.168.0.111,UPDATE,4237,4238,|1w=239=1d*0+1,'',1,0
2019-08-24 12:10:50,192.168.0.107,UPDATE,4238,4239,|g=nl=13*0+1,'',1,0
2019-08-24 12:10:50,192.168.0.111,UPDATE,4239,4240,|1w=23a=1e*0+1,'',1,0
2019-08-24 12:10:50,192.168.0.108,UPDATE,4240,4241,|c=fr=18*0+1,'l',1,0
2019-08-24 12:10:51,192.168.0.107,UPDATE,4240,4239,|g=nl=13-1,'',0,1
2019-08-24 12:10:51,192.168.0.108,UPDATE,4240,4242,|c=fr=19*0+2,'ol',1,0
2019-08-24 12:10:51,192.168.0.107,UPDATE,4240,4239,|g=nm=12-1,'',0,1
2019-08-24 12:10:54,192.168.0.108,UPDATE,4241,4240,|c=fr=1a-1,'',0,1
2019-08-24 12:10:54,192.168.0.108,UPDATE,4240,4238,|c=fr=18-2,'',0,1
2019-08-24 12:10:55,192.168.0.111,UPDATE,4238,4237,|1w=238=1e-1,'',0,1
2019-08-24 12:10:56,192.168.0.111,UPDATE,4237,4236,|1w=238=1d-1,'',0,1
2019-08-24 12:10:56,192.168.0.111,UPDATE,4236,4231,|1w=238=18-5,'',0,1
2019-08-24 12:10:57,192.168.0.111,UPDATE,4231,4228,|1w=238=15-3,'',0,1
2019-08-24 12:10:57,192.168.0.111,UPDATE,4228,4226,|1w=238=13-2,'',0,1
2019-08-24 12:10:59,192.168.0.108,UPDATE,4226,4227,|c=fr=18*0+1,'',1,0
2019-08-24 12:11:00,192.168.0.110,UPDATE,4227,4246,|g=nm=12*0+j,'',1,0
2019-08-24 12:11:00,192.168.0.108,UPDATE,4246,4249,|c=fr=19*0+3,'',1,0
2019-08-24 12:11:00,192.168.0.110,UPDATE,4249,4256,|g=np=1l*0+7,'',1,0
2019-08-24 12:11:00,192.168.0.111,UPDATE,4246,4245,|1w=23s=12-1,'',0,1
2019-08-24 12:11:01,192.168.0.108,UPDATE,4255,4258,|c=fr=1c*0+3,'',1,0
2019-08-24 12:11:01,192.168.0.110,UPDATE,4258,4263,|g=ns=1s*0+5,'',1,0
2019-08-24 12:11:01,192.168.0.108,UPDATE,4263,4267,|c=fr=1f*0+4,'',1,0
2019-08-24 12:11:01,192.168.0.110,UPDATE,4267,4275,|g=nw=1x*0+8,'',1,0
2019-08-24 12:11:02,192.168.0.108,UPDATE,4275,4278,|c=fr=1j*0+3,'',1,0
2019-08-24 12:11:02,192.168.0.111,UPDATE,4278,4279,|23=2ap*0+1,'',1,0
2019-08-24 12:11:02,192.168.0.108,UPDATE,4279,4283,|c=fr=1m*0+4,'',1,0
2019-08-24 12:11:03,192.168.0.108,UPDATE,4283,4286,|c=fr=1q*0+3,'',1,0
2019-08-24 12:11:03,192.168.0.111,UPDATE,4286,4285,|23=2aw-1,'',0,1
2019-08-24 12:11:03,192.168.0.108,UPDATE,4285,4288,|c=fr=1t*0+3,'',1,0
2019-08-24 12:11:04,192.168.0.108,UPDATE,4288,4289,|c=fr=1w*0+1,'',1,0
2019-08-24 12:11:05,192.168.0.108,UPDATE,4289,4288,|c=fr=1w-1,'',0,1
2019-08-24 12:11:05,192.168.0.111,UPDATE,4288,4299,|22=2a0=y*0+b,'',1,0
2019-08-24 12:11:06,192.168.0.108,UPDATE,4299,4297,|c=fr=1u-2,'',0,1
2019-08-24 12:11:06,192.168.0.111,UPDATE,4299,4301,|22=2a0=19*0+2,'',1,0
2019-08-24 12:11:06,192.168.0.108,UPDATE,4299,4296,|c=fr=1r-3,'',0,1
2019-08-24 12:11:07,192.168.0.108,UPDATE,4296,4293,|c=fr=1o-3,'',0,1
2019-08-24 12:11:07,192.168.0.108,UPDATE,4293,4291,|c=fr=1m-2,'',0,1
2019-08-24 12:11:07,192.168.0.111,UPDATE,4291,4292,|22=29q=1b*0+1,'',1,0
2019-08-24 12:11:08,192.168.0.108,UPDATE,4292,4289,|c=fr=1j-3,'',0,1
2019-08-24 12:11:08,192.168.0.111,UPDATE,4289,4291,|22=29n=1c*0+2,'',1,0
2019-08-24 12:11:08,192.168.0.108,UPDATE,4291,4288,|c=fr=1g-3,'',0,1
2019-08-24 12:11:08,192.168.0.111,UPDATE,4288,4291,|22=29k=1e*0+3,'',1,0
2019-08-24 12:11:09,192.168.0.108,UPDATE,4291,4288,|c=fr=1d-3,'',0,1
2019-08-24 12:11:09,192.168.0.111,UPDATE,4288,4291,|22=29h=1h*0+3,'',1,0
2019-08-24 12:11:09,192.168.0.108,UPDATE,4291,4288,|c=fr=1a-3,'',0,1
2019-08-24 12:11:09,192.168.0.111,UPDATE,4288,4289,|22=29e=1k*0+1,'',1,0
2019-08-24 12:11:10,192.168.0.108,UPDATE,4289,4287,|c=fr=18-2,'',0,1
2019-08-24 12:11:10,192.168.0.111,UPDATE,4287,4286,|22=29c=1k-1,'',0,1
2019-08-24 12:11:10,192.168.0.111,UPDATE,4286,4285,|22=29c=1j-1,'',0,1
2019-08-24 12:11:14,192.168.0.110,UPDATE,4285,4287,|g=nl=25*0+2,'te',1,0
2019-08-24 12:11:14,192.168.0.111,UPDATE,4285,4286,|22=29c=1j*0+1,'a',1,0
2019-08-24 12:11:14,192.168.0.110,UPDATE,4288,4290,|g=nl=27*0+2,'re',1,0
2019-08-24 12:11:14,192.168.0.111,UPDATE,4290,4293,|22=29g=1k*0+3,'dde',1,0
2019-08-24 12:11:15,192.168.0.111,UPDATE,4293,4294,|22=29g=1n*0+1,'d',1,0
2019-08-24 12:11:16,192.168.0.111,UPDATE,4294,4295,|22=29g=1o*0+1,'',1,0
2019-08-24 12:11:17,192.168.0.111,UPDATE,4295,4331,|22=29g=1p*0+10,'',1,0
2019-08-24 12:11:18,192.168.0.110,UPDATE,4331,4330,|g=nl=28-1,'',0,1
2019-08-24 12:11:18,192.168.0.111,UPDATE,4330,4331,|22=29f=2p*0+1,'',1,0
2019-08-24 12:11:18,192.168.0.110,UPDATE,4331,4329,|g=nl=26-2,'',0,1
2019-08-24 12:11:19,192.168.0.110,UPDATE,4329,4327,|g=nl=24-2,'',0,1
2019-08-24 12:11:19,192.168.0.111,UPDATE,4327,4326,|22=29b=2p-1,'',0,1
2019-08-24 12:11:19,192.168.0.110,UPDATE,4326,4324,|g=nl=22-2,'',0,1
2019-08-24 12:11:19,192.168.0.108,UPDATE,4324,4325,|g=nl=1l*0+1,'l',1,0
2019-08-24 12:11:20,192.168.0.110,UPDATE,4325,4323,|g=nl=21-2,'',0,1
2019-08-24 12:11:20,192.168.0.108,UPDATE,4323,4325,|g=nl=1m*0+2,'ol',1,0
2019-08-24 12:11:21,192.168.0.110,UPDATE,4325,4324,|g=nl=22-1,'',0,1
2019-08-24 12:11:21,192.168.0.111,UPDATE,4325,4326,|22=29a=2p*0+1,'',1,0
2019-08-24 12:11:22,192.168.0.110,UPDATE,4325,4323,|g=nl=20-2,'',0,1
2019-08-24 12:11:22,192.168.0.111,UPDATE,4323,4325,|22=297=2q*0+2,'',1,0
2019-08-24 12:11:22,192.168.0.110,UPDATE,4325,4323,|g=nl=1y-2,'',0,1
2019-08-24 12:11:22,192.168.0.108,UPDATE,4323,4322,|g=nl=1n-1,'',0,1
2019-08-24 12:11:23,192.168.0.110,UPDATE,4322,4320,|g=nl=1v-2,'',0,1
2019-08-24 12:11:23,192.168.0.108,UPDATE,4320,4318,|g=nl=1l-2,'',0,1
2019-08-24 12:11:23,192.168.0.110,UPDATE,4318,4317,|g=nl=1s-1,'',0,1
2019-08-24 12:11:23,192.168.0.111,UPDATE,4317,4318,|22=28z=2s*0+1,'r',1,0
2019-08-24 12:11:24,192.168.0.111,UPDATE,4318,4322,|22=28z=2t*0+4,'emov',1,0
2019-08-24 12:11:24,192.168.0.111,UPDATE,4322,4324,|22=28z=2x*0+2,'ed',1,0
2019-08-24 12:11:27,192.168.0.107,UPDATE,4324,4325,|c=fr=1e*0+1,'',1,0
2019-08-24 12:11:28,192.168.0.107,UPDATE,4325,4329,|c=fr=1f*0+4,'',1,0
2019-08-24 12:11:29,192.168.0.107,UPDATE,4329,4330,|c=fr=1j*0+1,'',1,0
2019-08-24 12:11:29,192.168.0.107,UPDATE,4330,4333,|c=fr=1k*0+3,'',1,0
2019-08-24 12:11:30,192.168.0.107,UPDATE,4333,4331,|c=fr=1l-2,'',0,1
2019-08-24 12:11:30,192.168.0.107,UPDATE,4331,4327,|c=fr=1h-4,'',0,1
2019-08-24 12:11:31,192.168.0.107,UPDATE,4327,4324,|c=fr=1e-3,'',0,1
2019-08-24 12:11:34,192.168.0.111,UPDATE,4324,4325,|1w=23y=12*0+1,'',1,0
2019-08-24 12:11:34,192.168.0.111,UPDATE,4325,4327,|1w=23y=13*0+2,'',1,0
2019-08-24 12:11:35,192.168.0.111,UPDATE,4327,4329,|1w=23y=15*0+2,'',1,0
2019-08-24 12:11:35,192.168.0.111,UPDATE,4329,4331,|1w=23y=17*0+2,'',1,0
2019-08-24 12:11:35,192.168.0.109,UPDATE,4329,4330,|i=pf*0+1,'k',1,0
2019-08-24 12:11:36,192.168.0.111,UPDATE,4332,4340,|1w=23z=19*0+8,'',1,0
2019-08-24 12:11:36,192.168.0.109,UPDATE,4332,4335,|i=pf=1*0+3,'ris',1,0
2019-08-24 12:11:36,192.168.0.111,UPDATE,4343,4346,|1w=242=1h*0+3,'',1,0
2019-08-24 12:11:36,192.168.0.109,UPDATE,4343,4345,|i=pf=4*0+2,'ti',1,0
2019-08-24 12:11:37,192.168.0.111,UPDATE,4348,4349,|1w=244=1k*0+1,'',1,0
2019-08-24 12:11:37,192.168.0.109,UPDATE,4349,4350,|i=pf=6*0+1,'',1,0
2019-08-24 12:11:39,192.168.0.109,UPDATE,4350,4349,|i=pf=6-1,'',0,1
2019-08-24 12:11:39,192.168.0.109,UPDATE,4349,4350,|i=pf=6*0+1,'n',1,0
2019-08-24 12:11:39,192.168.0.103,UPDATE,4226,4227,|g=nl=13*0+1,'-',1,0
2019-08-24 12:11:40,192.168.0.103,UPDATE,4227,4228,|g=nl=14*0+1,'',1,0
2019-08-24 12:11:43,192.168.0.107,UPDATE,4350,4351,|c=fr=1e*0+1,'g',1,0
2019-08-24 12:11:43,192.168.0.107,UPDATE,4351,4354,|c=fr=1f*0+3,'ggg',1,0
2019-08-24 12:11:44,192.168.0.107,UPDATE,4354,4356,|c=fr=1i*0+2,'gg',1,0
2019-08-24 12:11:45,192.168.0.107,UPDATE,4356,4355,|c=fr=1j-1,'',0,1
2019-08-24 12:11:45,192.168.0.106,UPDATE,4228,4227,|g=nl=12-1,'',0,1
2019-08-24 12:11:45,192.168.0.107,UPDATE,4355,4352,|c=fr=1g-3,'',0,1
2019-08-24 12:11:46,192.168.0.111,UPDATE,4352,4353,|1w=247=1l*0+1,'l',1,0
2019-08-24 12:11:46,192.168.0.107,UPDATE,4352,4351,|c=fr=1f-1,'',0,1
2019-08-24 12:11:46,192.168.0.111,UPDATE,4352,4354,|1w=246=1m*0+2,'os',1,0
2019-08-24 12:11:46,192.168.0.107,UPDATE,4352,4350,|c=fr=1d-2,'',0,1
2019-08-24 12:11:47,192.168.0.108,UPDATE,4352,4351,|c=fr=1f-1,'',0,1
2019-08-24 12:11:47,192.168.0.111,UPDATE,4352,4353,|1w=244=1o*0+1,'t',1,0
2019-08-24 12:11:47,192.168.0.108,UPDATE,4352,4351,|c=fr=1e-1,'',0,1
2019-08-24 12:11:47,192.168.0.111,UPDATE,4352,4353,|1w=243=1p*0+1,'',1,0
2019-08-24 12:11:48,192.168.0.108,UPDATE,4352,4350,|c=fr=1c-2,'',0,1
2019-08-24 12:11:48,192.168.0.108,UPDATE,4350,4349,|c=fr=1b-1,'',0,1
2019-08-24 12:11:48,192.168.0.104,UPDATE,4227,4228,|l=sp=1n*0+1,'c',1,0
2019-08-24 12:11:48,192.168.0.111,UPDATE,4349,4350,|1w=23z=1q*0+1,'',1,0
2019-08-24 12:11:49,192.168.0.109,UPDATE,4350,4349,|i=p9=6-1,'',0,1
2019-08-24 12:11:49,192.168.0.109,UPDATE,4349,4346,|i=p9=3-3,'',0,1
2019-08-24 12:11:50,192.168.0.109,UPDATE,4346,4344,|i=p9=1-2,'',0,1
2019-08-24 12:11:50,192.168.0.111,UPDATE,4350,4393,|1w=23z=1r*0+17,'',1,0
2019-08-24 12:11:50,192.168.0.109,UPDATE,4387,4386,|i=p9-1,'',0,1
2019-08-24 12:11:51,192.168.0.103,UPDATE,4228,4229,|g=nl=14*0+1,'x',1,0
2019-08-24 12:11:51,192.168.0.111,UPDATE,4386,4387,|1w=23s=2y*0+1,'g',1,0
2019-08-24 12:11:51,192.168.0.104,UPDATE,4229,4228,|l=sq=1n-1,'',0,1
2019-08-24 12:11:51,192.168.0.111,UPDATE,4387,4391,|1w=23s=2z*0+4,'aiin',1,0
2019-08-24 12:11:52,192.168.0.111,UPDATE,4391,4393,|1w=23s=33*0+2,'ed',1,0
2019-08-24 12:11:52,192.168.0.103,UPDATE,4228,4227,|g=nl=14-1,'',0,1
2019-08-24 12:11:52,192.168.0.111,UPDATE,4393,4390,|1w=23s=32-3,'',0,1
2019-08-24 12:11:53,192.168.0.111,UPDATE,4390,4389,|1w=23s=31-1,'',0,1
2019-08-24 12:11:54,192.168.0.111,UPDATE,4389,4391,|1w=23s=31*0+2,'ne',1,0
2019-08-24 12:11:54,192.168.0.110,UPDATE,4389,4388,|g=nf=1r-1,'',0,1
2019-08-24 12:11:54,192.168.0.111,UPDATE,4390,4391,|1w=23r=33*0+1,'d',1,0
2019-08-24 12:11:54,192.168.0.110,UPDATE,4391,4390,|g=nf=1q-1,'',0,1
2019-08-24 12:11:55,192.168.0.110,UPDATE,4390,4389,|g=nf=1p-1,'',0,1
2019-08-24 12:11:55,192.168.0.110,UPDATE,4389,4388,|g=nf=1o-1,'',0,1
2019-08-24 12:11:56,192.168.0.110,UPDATE,4388,4387,|g=nf=1n-1,'',0,1
2019-08-24 12:11:56,192.168.0.103,UPDATE,4227,4228,|g=nl=14*0+1,'h',1,0
2019-08-24 12:11:57,192.168.0.103,UPDATE,4228,4233,|g=nl=15*0+5,'dhddh',1,0
2019-08-24 12:11:57,192.168.0.103,UPDATE,4233,4237,|g=nl=1a*0+4,'hhdd',1,0
2019-08-24 12:11:57,192.168.0.111,UPDATE,4387,4402,|28=2ho=10*0+f,'',1,0
2019-08-24 12:11:58,192.168.0.103,UPDATE,4237,4236,|g=nl=1d-1,'',0,1
2019-08-24 12:11:58,192.168.0.111,UPDATE,4402,4403,|28=2ho=1f*0+1,'',1,0
2019-08-24 12:11:59,192.168.0.103,UPDATE,4236,4234,|g=nl=1b-2,'',0,1
2019-08-24 12:11:59,192.168.0.111,UPDATE,4403,4405,|28=2ho=1g*0+2,'',1,0
2019-08-24 12:11:59,192.168.0.103,UPDATE,4234,4231,|g=nl=18-3,'',0,1
2019-08-24 12:11:59,192.168.0.111,UPDATE,4405,4406,|28=2ho=1i*0+1,'',1,0
2019-08-24 12:12:00,192.168.0.103,UPDATE,4231,4228,|g=nl=15-3,'',0,1
2019-08-24 12:12:00,192.168.0.103,UPDATE,4228,4227,|g=nl=14-1,'',0,1
2019-08-24 12:12:08,192.168.0.103,UPDATE,4227,4228,|g=nl=14*0+1,'',1,0
2019-08-24 12:12:09,192.168.0.111,UPDATE,4406,4405,|28=2ho=1i-1,'',0,1
2019-08-24 12:12:09,192.168.0.111,UPDATE,4405,4404,|28=2ho=1h-1,'',0,1
2019-08-24 12:12:09,192.168.0.103,UPDATE,4228,4229,|g=nl=15*0+1,'p',1,0
2019-08-24 12:12:10,192.168.0.111,UPDATE,4404,4405,|28=2ho=1h*0+1,'',1,0
2019-08-24 12:12:10,192.168.0.103,UPDATE,4229,4233,|g=nl=16*0+4,'rote',1,0
2019-08-24 12:12:10,192.168.0.103,UPDATE,4233,4236,|g=nl=1a*0+3,'cta',1,0
2019-08-24 12:12:11,192.168.0.103,UPDATE,4236,4237,|g=nl=1d*0+1,'',1,0
2019-08-24 12:12:11,192.168.0.103,UPDATE,4237,4236,|g=nl=1c-2*0+1,'a',1,1
2019-08-24 12:12:12,192.168.0.103,UPDATE,4236,4237,|g=nl=1d*0+1,'',1,0
2019-08-24 12:12:12,192.168.0.103,UPDATE,4237,4236,|g=nl=1c-2*0+1,'s',1,1
2019-08-24 12:12:13,192.168.0.110,UPDATE,4405,4430,|l=t2=13*0|1+1*0+o,'',2,0
2019-08-24 12:12:13,192.168.0.103,UPDATE,4236,4241,|g=nl=1d*0+5,'the',1,0
2019-08-24 12:12:13,192.168.0.103,UPDATE,4241,4243,|g=nl=1i*0+2,'mi',1,0
2019-08-24 12:12:14,192.168.0.103,UPDATE,4243,4247,|g=nl=1k*0+4,'toch',1,0
2019-08-24 12:12:14,192.168.0.103,UPDATE,4247,4248,|g=nl=1o*0+1,'o',1,0
2019-08-24 12:12:15,192.168.0.103,UPDATE,4248,4249,|g=nl=1p*0+1,'n',1,0
2019-08-24 12:12:15,192.168.0.103,UPDATE,4249,4253,|g=nl=1q*0+4,'drio',1,0
2019-08-24 12:12:16,192.168.0.103,UPDATE,4253,4255,|g=nl=1u*0+2,'n',1,0
2019-08-24 12:12:17,192.168.0.103,UPDATE,4255,4257,|g=nl=1w*0+2,'fr',1,0
2019-08-24 12:12:18,192.168.0.103,UPDATE,4257,4261,|g=nl=1y*0+4,'om t',1,0
2019-08-24 12:12:18,192.168.0.103,UPDATE,4261,4264,|g=nl=22*0+3,'he',1,0
2019-08-24 12:12:19,192.168.0.103,UPDATE,4264,4266,|g=nl=25*0+2,'cy',1,0
2019-08-24 12:12:19,192.168.0.111,UPDATE,4430,4431,|29=2id=1i*0+1,'l',1,0
2019-08-24 12:12:19,192.168.0.103,UPDATE,4266,4270,|g=nl=27*0+4,'topl',1,0
2019-08-24 12:12:19,192.168.0.111,UPDATE,4431,4433,|29=2id=1j*0+2,'os',1,0
2019-08-24 12:12:20,192.168.0.103,UPDATE,4270,4271,|g=nl=2b*0+1,'A',1,0
2019-08-24 12:12:20,192.168.0.111,UPDATE,4433,4434,|29=2id=1l*0+1,'t',1,0
2019-08-24 12:12:20,192.168.0.103,UPDATE,4271,4270,|g=nl=2b-1,'',0,1
2019-08-24 12:12:21,192.168.0.103,UPDATE,4270,4271,|g=nl=2b*0+1,'a',1,0
2019-08-24 12:12:22,192.168.0.103,UPDATE,4271,4273,|g=nl=2c*0+2,'sm',1,0
2019-08-24 12:12:22,192.168.0.111,UPDATE,4434,4476,|29=2id=1m*0+16,'',1,0
2019-08-24 12:12:22,192.168.0.108,UPDATE,4476,4475,|g=nf=1m-1,'',0,1
2019-08-24 12:12:22,192.168.0.103,UPDATE,4273,4274,|g=nl=2e*0+1,'',1,0
2019-08-24 12:12:22,192.168.0.111,UPDATE,4475,4477,|29=2ic=2s*0+2,'',1,0
2019-08-24 12:12:23,192.168.0.108,UPDATE,4477,4476,|g=nf=1l-1,'',0,1
2019-08-24 12:12:23,192.168.0.111,UPDATE,4476,4478,|29=2ib=2u*0+2,'',1,0
2019-08-24 12:12:23,192.168.0.108,UPDATE,4478,4475,|g=nf=1i-3,'',0,1
2019-08-24 12:12:23,192.168.0.111,UPDATE,4475,4478,|29=2i8=2w*0+3,'g',1,0
2019-08-24 12:12:24,192.168.0.108,UPDATE,4478,4475,|g=nf=1f-3,'',0,1
2019-08-24 12:12:24,192.168.0.111,UPDATE,4475,4479,|29=2i5=2z*0+4,'aine',1,0
2019-08-24 12:12:24,192.168.0.108,UPDATE,4479,4477,|g=nf=1d-2,'',0,1
2019-08-24 12:12:24,192.168.0.111,UPDATE,4477,4478,|29=2i3=33*0+1,'d',1,0
2019-08-24 12:12:25,192.168.0.108,UPDATE,4478,4475,|g=nf=1a-3,'',0,1
2019-08-24 12:12:25,192.168.0.108,UPDATE,4475,4472,|g=nf=17-3,'',0,1
2019-08-24 12:12:26,192.168.0.108,UPDATE,4472,4469,|g=nf=14-3,'',0,1
2019-08-24 12:12:26,192.168.0.108,UPDATE,4469,4467,|g=nf=12-2,'',0,1
2019-08-24 12:12:26,192.168.0.110,UPDATE,4469,4494,|w=13p=16*0|1+1*0+o,'',2,0
2019-08-24 12:12:30,192.168.0.103,UPDATE,4274,4275,|g=nl=2f*0+1,'a',1,0
2019-08-24 12:12:30,192.168.0.103,UPDATE,4275,4278,|g=nl=2g*0+3,'nd',1,0
2019-08-24 12:12:31,192.168.0.103,UPDATE,4278,4282,|g=nl=2j*0+4,'the',1,0
2019-08-24 12:12:31,192.168.0.103,UPDATE,4282,4286,|g=nl=2n*0+4,'chem',1,0
2019-08-24 12:12:32,192.168.0.103,UPDATE,4286,4290,|g=nl=2r*0+4,'ical',1,0
2019-08-24 12:12:32,192.168.0.110,UPDATE,4492,4513,|g=nf=12*0+l,'',1,0
2019-08-24 12:12:32,192.168.0.103,UPDATE,4290,4292,|g=nl=2v*0+2,'s',1,0
2019-08-24 12:12:33,192.168.0.103,UPDATE,4292,4293,|g=nl=2x*0+1,'i',1,0
2019-08-24 12:12:34,192.168.0.110,UPDATE,4513,4514,|g=nf=1n*0+1,'',1,0
2019-08-24 12:12:34,192.168.0.108,UPDATE,4514,4515,|g=nf=12*0+1,'',1,0
2019-08-24 12:12:34,192.168.0.103,UPDATE,4293,4296,|g=nl=2y*0+3,'n i',1,0
2019-08-24 12:12:34,192.168.0.108,UPDATE,4515,4519,|g=nf=13*0+4,'',1,0
2019-08-24 12:12:35,192.168.0.103,UPDATE,4296,4297,|g=nl=31*0+1,'t',1,0
2019-08-24 12:12:36,192.168.0.110,UPDATE,4519,4518,|g=nf=1s-1,'',0,1
2019-08-24 12:12:37,192.168.0.110,UPDATE,4518,4516,|g=nf=1q-2,'',0,1
2019-08-24 12:12:37,192.168.0.110,UPDATE,4516,4514,|g=nf=1o-2,'',0,1
2019-08-24 12:12:42,192.168.0.109,UPDATE,4514,4515,|g=nf=1o*0+1,'',1,0
2019-08-24 12:12:43,192.168.0.109,UPDATE,4515,4519,|g=nf=1p*0+4,'',1,0
2019-08-24 12:12:43,192.168.0.109,UPDATE,4519,4523,|g=nf=1t*0+4,'',1,0
2019-08-24 12:12:43,192.168.0.107,UPDATE,4523,4524,|g=nf=1n*0+1,'',1,0
2019-08-24 12:12:44,192.168.0.109,UPDATE,4524,4528,|g=nf=1y*0+4,'',1,0
2019-08-24 12:12:44,192.168.0.107,UPDATE,4524,4525,|g=nf=1o*0+1,'',1,0
2019-08-24 12:12:44,192.168.0.109,UPDATE,4529,4530,|g=nf=23*0+1,'',1,0
2019-08-24 12:12:44,192.168.0.107,UPDATE,4529,4532,|g=nf=1p*0+3,'',1,0
2019-08-24 12:12:45,192.168.0.107,UPDATE,4533,4537,|g=nf=1s*0+4,'',1,0
2019-08-24 12:12:46,192.168.0.107,UPDATE,4537,4540,|g=nf=1w*0+3,'',1,0
2019-08-24 12:12:46,192.168.0.107,UPDATE,4540,4543,|g=nf=1z*0+3,'',1,0
2019-08-24 12:12:46,192.168.0.111,UPDATE,4543,4565,|2p=2z9*0+m,'',1,0
2019-08-24 12:12:46,192.168.0.109,UPDATE,4565,4566,|g=nf=1g*0+1,'',1,0
2019-08-24 12:12:46,192.168.0.111,UPDATE,4566,4569,|2p=2za=m*0+3,'',1,0
2019-08-24 12:12:47,192.168.0.109,UPDATE,4569,4572,|g=nf=1h*0+3,'',1,0
2019-08-24 12:12:47,192.168.0.111,UPDATE,4572,4574,|2p=2zd=p*0+2,'',1,0
2019-08-24 12:12:47,192.168.0.108,UPDATE,4574,4575,|h=q1*0*1*2*3+1,'*',1,0
2019-08-24 12:12:48,192.168.0.108,UPDATE,4575,4575,|h=q1*0=1,'',0,0
2019-08-24 12:12:48,192.168.0.109,UPDATE,4575,4576,|g=nf=1b*0+1,'',1,0
2019-08-24 12:12:48,192.168.0.110,UPDATE,4575,4574,|g=nf=1u-1,'',0,1
2019-08-24 12:12:48,192.168.0.108,UPDATE,4575,4575,|h=q1*0=1,'',0,0
2019-08-24 12:12:49,192.168.0.109,UPDATE,4575,4576,|g=nf=1c*0+1,'',1,0
2019-08-24 12:12:49,192.168.0.108,UPDATE,4576,4576,|h=q2*0=1,'',0,0
2019-08-24 12:12:49,192.168.0.106,UPDATE,4297,4298,|l=un=1n*0+1,'',1,0
2019-08-24 12:12:49,192.168.0.108,UPDATE,4576,4576,|h=q2*0=1,'',0,0
2019-08-24 12:12:49,192.168.0.111,UPDATE,4576,4577,|2p=2zf=r*0+1,'N',1,0
2019-08-24 12:12:50,192.168.0.111,UPDATE,4577,4579,|2p=2zf=s*0+2,'ad',1,0
2019-08-24 12:12:50,192.168.0.109,UPDATE,4577,4578,|g=nf=1x*0+1,'',1,0
2019-08-24 12:12:50,192.168.0.111,UPDATE,4580,4578,|2p=2zg=s-2,'',0,1
2019-08-24 12:12:51,192.168.0.109,UPDATE,4578,4579,|g=nf=1y*0+1,'',1,0
2019-08-24 12:12:51,192.168.0.111,UPDATE,4579,4581,|2p=2zh=s*0+2,'AD',1,0
2019-08-24 12:12:52,192.168.0.106,UPDATE,4298,4299,|l=un=1o*0+1,'/',1,0
2019-08-24 12:12:53,192.168.0.106,UPDATE,4299,4298,|l=un=1o-1,'',0,1
2019-08-24 12:12:54,192.168.0.111,UPDATE,4581,4633,|2p=2zh=u*0+1g,'',1,0
2019-08-24 12:12:54,192.168.0.111,UPDATE,4633,4635,|2p=2zh=2a*0+2,'',1,0
2019-08-24 12:12:54,192.168.0.109,UPDATE,4635,4636,|g=nf=13*0+1,'',1,0
2019-08-24 12:12:55,192.168.0.106,UPDATE,4298,4299,|l=un=1o*0+1,'/',1,0
2019-08-24 12:12:55,192.168.0.111,UPDATE,4636,4637,|2p=2zi=2c*0+1,'N',1,0
2019-08-24 12:12:56,192.168.0.108,UPDATE,4637,4638,|g=nf=2g*0+1,'',1,0
2019-08-24 12:12:56,192.168.0.106,UPDATE,4299,4298,|l=un=1o-1,'',0,1
2019-08-24 12:12:56,192.168.0.108,UPDATE,4638,4641,|g=nf=2h*0+3,'',1,0
2019-08-24 12:12:56,192.168.0.111,UPDATE,4641,4643,|2p=2zm=2d*0+2,'AD',1,0
2019-08-24 12:12:57,192.168.0.108,UPDATE,4643,4646,|g=nf=2k*0+3,'',1,0
2019-08-24 12:12:57,192.168.0.111,UPDATE,4646,4647,|2p=2zp=2f*0+1,'h',1,0
2019-08-24 12:12:57,192.168.0.111,UPDATE,4647,4646,|2p=2zp=2f-1,'',0,1
2019-08-24 12:12:58,192.168.0.103,UPDATE,4298,4299,|l=un=1n*0+1,'-',1,0
2019-08-24 12:12:58,192.168.0.111,UPDATE,4646,4647,|2p=2zp=2f*0+1,'H',1,0
2019-08-24 12:12:59,192.168.0.108,UPDATE,4647,4648,|g=nf=25*0+1,'',1,0
2019-08-24 12:12:59,192.168.0.108,UPDATE,4648,4651,|g=nf=26*0+3,'',1,0
2019-08-24 12:13:00,192.168.0.108,UPDATE,4651,4653,|g=nf=29*0+2,'',1,0
2019-08-24 12:13:00,192.168.0.103,UPDATE,4299,4300,|l=un=1o*0+1,'',1,0
2019-08-24 12:13:01,192.168.0.106,UPDATE,4300,4301,|l=un=1q*0+1,'?',1,0
2019-08-24 12:13:02,192.168.0.106,UPDATE,4301,4300,|l=un=1q-1,'',0,1
2019-08-24 12:13:03,192.168.0.110,UPDATE,4653,4603,|g=nf=1o-1e,'',0,1
2019-08-24 12:13:03,192.168.0.109,UPDATE,4653,4654,|g=nf=32*0+1,'',1,0
2019-08-24 12:13:03,192.168.0.109,UPDATE,4604,4605,|g=nf=1p*0+1,'',1,0
2019-08-24 12:13:04,192.168.0.109,UPDATE,4605,4607,|g=nf=1q*0+2,'',1,0
2019-08-24 12:13:04,192.168.0.109,UPDATE,4607,4610,|g=nf=1s*0+3,'',1,0
2019-08-24 12:13:04,192.168.0.110,UPDATE,4607,4606,|g=nf=1n-1,'',0,1
2019-08-24 12:13:05,192.168.0.110,UPDATE,4609,4606,|g=nf=1k-3,'',0,1
2019-08-24 12:13:05,192.168.0.110,UPDATE,4606,4604,|g=nf=1i-2,'',0,1
2019-08-24 12:13:07,192.168.0.110,UPDATE,4604,4603,|g=nf=1o-1,'',0,1
2019-08-24 12:13:08,192.168.0.110,UPDATE,4603,4602,|g=nf=1n-1,'',0,1
2019-08-24 12:13:08,192.168.0.110,UPDATE,4602,4601,|g=nf=1m-1,'',0,1
2019-08-24 12:13:17,192.168.0.110,UPDATE,4601,4602,|g=nf*0*1*2*3+1,'*',1,0
2019-08-24 12:13:17,192.168.0.106,UPDATE,4300,4301,|l=un=1q*0+1,'c',1,0
2019-08-24 12:13:17,192.168.0.110,UPDATE,4602,4602,|g=nf*0=1,'',0,0
2019-08-24 12:13:18,192.168.0.106,UPDATE,4301,4303,|l=un=1r*0+2,'he',1,0
2019-08-24 12:13:18,192.168.0.110,UPDATE,4602,4603,|g=nf=1n*0+1,'',1,0
2019-08-24 12:13:18,192.168.0.106,UPDATE,4303,4304,|l=un=1t*0+1,'m',1,0
2019-08-24 12:13:18,192.168.0.110,UPDATE,4603,4603,|g=nf*0=1,'',0,0
2019-08-24 12:13:19,192.168.0.106,UPDATE,4304,4306,|l=un=1u*0+2,'io',1,0
2019-08-24 12:13:19,192.168.0.110,UPDATE,4603,4604,|g=nf=1o*0+1,'',1,0
2019-08-24 12:13:19,192.168.0.106,UPDATE,4306,4307,|l=un=1w*0+1,'s',1,0
2019-08-24 12:13:20,192.168.0.106,UPDATE,4307,4310,|l=un=1x*0+3,'mos',1,0
2019-08-24 12:13:20,192.168.0.110,UPDATE,4604,4604,|g=nf*0=1,'',0,0
2019-08-24 12:13:20,192.168.0.106,UPDATE,4310,4312,|l=un=20*0+2,'is',1,0
2019-08-24 12:13:21,192.168.0.110,UPDATE,4604,4605,|g=nf=1p*0+1,'',1,0
2019-08-24 12:13:21,192.168.0.106,UPDATE,4312,4313,|l=un=22*0+1,',',1
2019-08-24 12:13:22,192.168.0.110,UPDATE,4605,4605,|g=nf*0=1,'',0,0
2019-08-24 12:13:22,192.168.0.106,UPDATE,4313,4316,|l=un=23*0+3,'he',1,0
2019-08-24 12:13:22,192.168.0.110,UPDATE,4605,4606,|g=nf=1q*0+1,'',1,0
2019-08-24 12:13:22,192.168.0.106,UPDATE,4316,4319,|l=un=26*0+3,'lps',1,0
2019-08-24 12:13:22,192.168.0.106,UPDATE,4319,4321,|l=un=29*0+2,'m',1,0
2019-08-24 12:13:23,192.168.0.110,UPDATE,4606,4606,|g=nf*0=1,'',0,0
2019-08-24 12:13:23,192.168.0.106,UPDATE,4321,4324,|l=un=2b*0+3,'ain',1,0
2019-08-24 12:13:23,192.168.0.110,UPDATE,4606,4607,|g=nf=1r*0+1,'',1,0
2019-08-24 12:13:23,192.168.0.106,UPDATE,4324,4327,|l=un=2e*0+3,'tai',1,0
2019-08-24 12:13:24,192.168.0.106,UPDATE,4327,4330,|l=un=2h*0+3,'n t',1,0
2019-08-24 12:13:24,192.168.0.110,UPDATE,4607,4607,|g=nf*0=1,'',0,0
2019-08-24 12:13:24,192.168.0.106,UPDATE,4330,4333,|l=un=2k*0+3,'he',1,0
2019-08-24 12:13:25,192.168.0.106,UPDATE,4333,4334,|l=un=2n*0+1,'p',1,0
2019-08-24 12:13:25,192.168.0.108,UPDATE,4607,4605,|g=nf=h-2,'',0,1
2019-08-24 12:13:26,192.168.0.106,UPDATE,4334,4337,|l=un=2o*0+3,'rot',1,0
2019-08-24 12:13:26,192.168.0.108,UPDATE,4605,4601,|g=nf=d-4,'',0,1
2019-08-24 12:13:26,192.168.0.106,UPDATE,4337,4339,|l=un=2r*0+2,'on',1,0
2019-08-24 12:13:26,192.168.0.108,UPDATE,4601,4589,|g=nf=1-c,'',0,1
2019-08-24 12:13:27,192.168.0.106,UPDATE,4339,4341,|l=un=2t*0+2,'g',1,0
2019-08-24 12:13:27,192.168.0.108,UPDATE,4589,4587,|e=nd|2-2,'',0,1
2019-08-24 12:13:27,192.168.0.106,UPDATE,4341,4343,|l=un=2v*0+2,'ra',1,0
2019-08-24 12:13:28,192.168.0.106,UPDATE,4343,4347,|l=un=2x*0+4,'dien',1,0
2019-08-24 12:13:28,192.168.0.104,UPDATE,4347,4348,|q=11o=u*0+1,'-',1,0
2019-08-24 12:13:28,192.168.0.106,UPDATE,4348,4350,|l=un=31*0+2,'t,',1
2019-08-24 12:13:29,192.168.0.106,UPDATE,4350,4353,|l=un=33*0+3,'as',1,0
2019-08-24 12:13:29,192.168.0.106,UPDATE,4353,4356,|l=un=36*0+3,'we',1,0
2019-08-24 12:13:30,192.168.0.106,UPDATE,4356,4357,|l=un=39*0+1,'l',1,0
2019-08-24 12:13:30,192.168.0.106,UPDATE,4357,4360,|l=un=3a*0+3,'l a',1,0
2019-08-24 12:13:31,192.168.0.104,UPDATE,4360,4361,|q=120=v*0+1,'',1,0
2019-08-24 12:13:31,192.168.0.106,UPDATE,4360,4365,|l=un=3d*0+5,'s the',1,0
2019-08-24 12:13:31,192.168.0.106,UPDATE,4366,4370,|l=un=3i*0+4,'ele',1,0
2019-08-24 12:13:31,192.168.0.110,UPDATE,4587,4585,|e=nd=5-2,'',0,1
2019-08-24 12:13:32,192.168.0.106,UPDATE,4370,4371,|l=un=3m*0+1,'c',1,0
2019-08-24 12:13:32,192.168.0.110,UPDATE,4585,4581,|e=nd=1-4,'',0,1
2019-08-24 12:13:32,192.168.0.106,UPDATE,4371,4375,|l=un=3n*0+4,'tron',1,0
2019-08-24 12:13:32,192.168.0.111,UPDATE,4581,4582,|36=3df=m*0+1,'P',1,0
2019-08-24 12:13:33,192.168.0.110,UPDATE,4582,4581,|e=nd-1,'',0,1
2019-08-24 12:13:33,192.168.0.106,UPDATE,4375,4376,|l=un=3r*0+1,'',1,0
2019-08-24 12:13:33,192.168.0.111,UPDATE,4581,4582,|36=3de=n*0+1,'h',1,0
2019-08-24 12:13:33,192.168.0.106,UPDATE,4376,4378,|l=un=3s*0+2,'tr',1,0
2019-08-24 12:13:34,192.168.0.111,UPDATE,4582,4585,|36=3de=o*0+3,'osp',1,0
2019-08-24 12:13:34,192.168.0.110,UPDATE,4585,4586,|e=nd*0*1*2*3+1,'*',1,0
2019-08-24 12:13:34,192.168.0.106,UPDATE,4378,4381,|l=un=3u*0+3,'ans',1,0
2019-08-24 12:13:34,192.168.0.111,UPDATE,4586,4588,|36=3df=r*0+2,'ho',1,0
2019-08-24 12:13:34,192.168.0.110,UPDATE,4586,4586,|e=nd*0=1,'',0,0
2019-08-24 12:13:34,192.168.0.106,UPDATE,4381,4382,|l=un=3x*0+1,'p',1,0
2019-08-24 12:13:35,192.168.0.110,UPDATE,4588,4588,|e=nd*0=1,'',0,0
2019-08-24 12:13:35,192.168.0.106,UPDATE,4382,4386,|l=un=3y*0+4,'ort',1,0
2019-08-24 12:13:35,192.168.0.111,UPDATE,4588,4589,|36=3df=t*0+1,'r',1,0
2019-08-24 12:13:35,192.168.0.106,UPDATE,4386,4390,|l=un=42*0+4,'chai',1,0
2019-08-24 12:13:35,192.168.0.110,UPDATE,4589,4589,|e=nd*0=1,'',0,0
2019-08-24 12:13:36,192.168.0.111,UPDATE,4589,4591,|36=3df=u*0+2,'yl',1,0
2019-08-24 12:13:36,192.168.0.106,UPDATE,4390,4391,|l=un=46*0+1,'n',1,0
2019-08-24 12:13:36,192.168.0.110,UPDATE,4591,4591,|e=nd*0=1,'',0,0
2019-08-24 12:13:36,192.168.0.111,UPDATE,4591,4593,|36=3df=w*0+2,'at',1,0
2019-08-24 12:13:37,192.168.0.111,UPDATE,4593,4596,|36=3df=y*0+3,'ion',1,0
2019-08-24 12:13:38,192.168.0.111,UPDATE,4596,4598,|36=3df=11*0+2,'i',1,0
2019-08-24 12:13:38,192.168.0.111,UPDATE,4598,4601,|36=3df=13*0+3,'s t',1,0
2019-08-24 12:13:38,192.168.0.110,UPDATE,4601,4600,|e=nd-1,'',0,1
2019-08-24 12:13:39,192.168.0.111,UPDATE,4600,4603,|36=3de=16*0+3,'he',1,0
2019-08-24 12:13:39,192.168.0.110,UPDATE,4603,4602,|d=jh=3v|1-1,'',0,1
2019-08-24 12:13:41,192.168.0.110,UPDATE,4602,4603,|d=jh=3v*0+1,'\',1,0
2019-08-24 12:13:41,192.168.0.111,UPDATE,4603,4604,|35=3de=19*0+1,'a',1,0
2019-08-24 12:13:42,192.168.0.111,UPDATE,4604,4607,|35=3de=1a*0+3,'ddi',1,0
2019-08-24 12:13:42,192.168.0.110,UPDATE,4607,4632,|d=jh=3w*0|1+1*0+o,'',2,0
2019-08-24 12:13:42,192.168.0.111,UPDATE,4632,4635,|36=3e3=1d*0+3,'ng',1,0
2019-08-24 12:13:43,192.168.0.111,UPDATE,4635,4638,|36=3e3=1g*0+3,'od',1,0
2019-08-24 12:13:43,192.168.0.111,UPDATE,4638,4638,|36=3e3=1h-2*0+2,'f',1,1
2019-08-24 12:13:43,192.168.0.110,UPDATE,4638,4663,|e=ne=o*0|1+1*0+o,'',2,0
2019-08-24 12:13:47,192.168.0.110,UPDATE,4663,4662,|f=o3=1q-1,'',0,1
2019-08-24 12:13:48,192.168.0.110,UPDATE,4662,4661,|f=o3=1p-1,'',0,1
2019-08-24 12:13:48,192.168.0.110,UPDATE,4661,4659,|f=o3=1n-2,'',0,1
2019-08-24 12:13:49,192.168.0.111,UPDATE,4659,4660,|37=3eo=1j*0+1,'p',1,0
2019-08-24 12:13:50,192.168.0.111,UPDATE,4660,4662,|37=3eo=1k*0+2,'ho',1,0
2019-08-24 12:13:50,192.168.0.108,UPDATE,4662,4663,|h=pt*0*1*2*3+1,'*',1,0
2019-08-24 12:13:50,192.168.0.111,UPDATE,4663,4665,|37=3ep=1m*0+2,'sp',1,0
2019-08-24 12:13:51,192.168.0.108,UPDATE,4665,4665,|h=pt*0=1,'',0,0
2019-08-24 12:13:51,192.168.0.111,UPDATE,4665,4667,|37=3ep=1o*0+2,'ha',1,0
2019-08-24 12:13:51,192.168.0.108,UPDATE,4665,4665,|h=pt*0=1,'',0,0
2019-08-24 12:13:52,192.168.0.111,UPDATE,4667,4670,|37=3ep=1q*0+3,'te',1,0
2019-08-24 12:13:52,192.168.0.108,UPDATE,4667,4667,|h=pt*0=1,'',0,0
2019-08-24 12:13:52,192.168.0.111,UPDATE,4670,4673,|37=3ep=1t*0+3,'to',1,0
2019-08-24 12:13:52,192.168.0.108,UPDATE,4673,4673,|h=pt*0=1,'',0,0
2019-08-24 12:13:53,192.168.0.111,UPDATE,4673,4675,|37=3ep=1w*0+2,'a',1,0
2019-08-24 12:13:53,192.168.0.108,UPDATE,4675,4676,|h=pt=1*0+1,'j',1,0
2019-08-24 12:13:53,192.168.0.111,UPDATE,4676,4679,|37=3eq=1y*0+3,'mol',1,0
2019-08-24 12:13:54,192.168.0.108,UPDATE,4679,4682,|h=pt=2*0+3,'ust',1,0
2019-08-24 12:13:54,192.168.0.111,UPDATE,4682,4685,|37=3et=21*0+3,'ecu',1,0
2019-08-24 12:13:54,192.168.0.108,UPDATE,4685,4687,|h=pt=5*0+2,'a',1,0
2019-08-24 12:13:54,192.168.0.111,UPDATE,4687,4689,|37=3ev=24*0+2,'le',1,0
2019-08-24 12:13:55,192.168.0.108,UPDATE,4689,4690,|h=pt=7*0+1,'m',1,0
2019-08-24 12:13:55,192.168.0.111,UPDATE,4690,4694,|37=3ew=26*0+4,', so',1
2019-08-24 12:13:55,192.168.0.111,UPDATE,4694,4697,|37=3ew=2a*0+3,'th',1,0
2019-08-24 12:13:56,192.168.0.111,UPDATE,4697,4700,|37=3ew=2d*0+3,'at',1,0
2019-08-24 12:13:56,192.168.0.108,UPDATE,4700,4699,|h=pt=7-1,'',0,1
2019-08-24 12:13:56,192.168.0.111,UPDATE,4699,4698,|37=3ev=2f-1,'',0,1
2019-08-24 12:13:57,192.168.0.108,UPDATE,4698,4699,|h=pt=7*0+1,'',1,0
2019-08-24 12:13:57,192.168.0.111,UPDATE,4699,4696,|37=3ew=2c-3,'',0,1
2019-08-24 12:13:57,192.168.0.111,UPDATE,4696,4693,|37=3ew=29-3,'',0,1
2019-08-24 12:13:58,192.168.0.108,UPDATE,4693,4694,|h=pt=8*0+1,'m',1,0
2019-08-24 12:13:58,192.168.0.111,UPDATE,4694,4693,|37=3ex=28-1,'',0,1
2019-08-24 12:13:58,192.168.0.108,UPDATE,4693,4696,|h=pt=9*0+3,'emb',1,0
2019-08-24 12:13:58,192.168.0.111,UPDATE,4696,4702,|37=3f0=28*0+6,'which',1,0
2019-08-24 12:13:59,192.168.0.108,UPDATE,4702,4704,|h=pt=c*0+2,'ra',1,0
2019-08-24 12:13:59,192.168.0.108,UPDATE,4704,4706,|h=pt=e*0+2,'ne',1,0
2019-08-24 12:14:01,192.168.0.108,UPDATE,4706,4706,|h=pt*0=1,'',0,0
2019-08-24 12:14:01,192.168.0.111,UPDATE,4706,4708,|37=3f4=2e*0+2,'ma',1,0
2019-08-24 12:14:01,192.168.0.111,UPDATE,4708,4712,|37=3f4=2g*0+4,'kes',1,0
2019-08-24 12:14:02,192.168.0.111,UPDATE,4712,4714,|37=3f4=2k*0+2,'sa',1,0
2019-08-24 12:14:02,192.168.0.108,UPDATE,4714,4713,|h=pt=f-1,'',0,1
2019-08-24 12:14:02,192.168.0.111,UPDATE,4713,4716,|37=3f3=2m*0+3,'id',1,0
2019-08-24 12:14:03,192.168.0.111,UPDATE,4716,4718,|37=3f3=2p*0+2,'mo',1,0
2019-08-24 12:14:03,192.168.0.111,UPDATE,4718,4720,|37=3f3=2r*0+2,'le',1,0
2019-08-24 12:14:04,192.168.0.108,UPDATE,4720,4721,|h=pt=f*0+1,'e',1,0
2019-08-24 12:14:04,192.168.0.111,UPDATE,4721,4723,|37=3f4=2t*0+2,'cu',1,0
2019-08-24 12:14:04,192.168.0.111,UPDATE,4723,4726,|37=3f4=2v*0+3,'le',1,0
2019-08-24 12:14:05,192.168.0.111,UPDATE,4726,4727,|37=3f4=2y*0+1,'l',1,0
2019-08-24 12:14:05,192.168.0.106,UPDATE,4391,4392,|l=un=47*0+1,'.',1,0
2019-08-24 12:14:05,192.168.0.111,UPDATE,4727,4729,|37=3f4=2z*0+2,'es',1,0
2019-08-24 12:14:06,192.168.0.106,UPDATE,4392,4393,|l=un=48*0+1,'',1,0
2019-08-24 12:14:06,192.168.0.111,UPDATE,4729,4732,|37=3f4=31*0+3,'s l',1,0
2019-08-24 12:14:06,192.168.0.108,UPDATE,4732,4733,|h=pt=g*0+1,'',1,0
2019-08-24 12:14:06,192.168.0.106,UPDATE,4393,4394,|l=un=49*0+1,'T',1,0
2019-08-24 12:14:06,192.168.0.111,UPDATE,4733,4734,|37=3f5=33-1*0+2,'st',1,1
2019-08-24 12:14:06,192.168.0.108,UPDATE,4733,4736,|h=pt=h*0+3,'',1,0
2019-08-24 12:14:07,192.168.0.106,UPDATE,4394,4396,|l=un=4a*0+2,'he',1,0
2019-08-24 12:14:07,192.168.0.111,UPDATE,4737,4738,|37=3f8=35*0+1,'a',1,0
2019-08-24 12:14:07,192.168.0.108,UPDATE,4738,4740,|h=pt=k*0+2,'',1,0
2019-08-24 12:14:07,192.168.0.106,UPDATE,4396,4398,|l=un=4c*0+2,'c',1,0
2019-08-24 12:14:07,192.168.0.111,UPDATE,4740,4741,|37=3fa=36*0+1,'b',1,0
2019-08-24 12:14:07,192.168.0.108,UPDATE,4741,4744,|h=pt=m*0+3,'',1,0
2019-08-24 12:14:08,192.168.0.106,UPDATE,4398,4399,|l=un=4e*0+1,'r',1,0
2019-08-24 12:14:08,192.168.0.111,UPDATE,4744,4746,|37=3fd=37*0+2,'e,',1
2019-08-24 12:14:08,192.168.0.108,UPDATE,4744,4746,|h=pt=p*0+2,'',1,0
2019-08-24 12:14:08,192.168.0.106,UPDATE,4399,4402,|l=un=4f*0+3,'ist',1,0
2019-08-24 12:14:09,192.168.0.106,UPDATE,4402,4403,|l=un=4i*0+1,'a',1,0
2019-08-24 12:14:09,192.168.0.111,UPDATE,4748,4747,|37=3ff=38-1,'',0,1
2019-08-24 12:14:09,192.168.0.106,UPDATE,4403,4404,|l=un=4j*0+1,'e',1,0
2019-08-24 12:14:10,192.168.0.111,UPDATE,4747,4746,|37=3ff=37-1,'',0,1
2019-08-24 12:14:10,192.168.0.106,UPDATE,4404,4408,|l=un=4k*0+4,'is',1,0
2019-08-24 12:14:10,192.168.0.111,UPDATE,4746,4748,|37=3ff=37*0+2,'le',1,0
2019-08-24 12:14:10,192.168.0.106,UPDATE,4408,4409,|l=un=4o*0+1,'h',1,0
2019-08-24 12:14:11,192.168.0.108,UPDATE,4748,4747,|h=pt-1,'',0,1
2019-08-24 12:14:11,192.168.0.111,UPDATE,4747,4749,|37=3fe=39*0+2,',',1
2019-08-24 12:14:11,192.168.0.106,UPDATE,4409,4412,|l=un=4p*0+3,'igh',1,0
2019-08-24 12:14:11,192.168.0.111,UPDATE,4749,4752,|37=3fe=3b*0+3,'the',1,0
2019-08-24 12:14:11,192.168.0.106,UPDATE,4412,4414,|l=un=4s*0+2,'ly',1,0
2019-08-24 12:14:12,192.168.0.108,UPDATE,4752,4753,|h=pt*0*1*2*3+1,'*',1,0
2019-08-24 12:14:12,192.168.0.109,UPDATE,4753,4754,|g=pr=1*0+1,'',1,0
2019-08-24 12:14:12,192.168.0.111,UPDATE,4754,4757,|37=3fg=3e*0+3,'ref',1,0
2019-08-24 12:14:12,192.168.0.106,UPDATE,4414,4415,|l=un=4u*0+1,'',1,0
2019-08-24 12:14:12,192.168.0.108,UPDATE,4757,4757,|h=pu*0=1,'',0,0
2019-08-24 12:14:12,192.168.0.109,UPDATE,4757,4759,|g=pr=2*0+2,'',1,0
2019-08-24 12:14:12,192.168.0.111,UPDATE,4759,4764,|37=3fi=3h*0+5,'ore m',1,0
2019-08-24 12:14:12,192.168.0.106,UPDATE,4415,4417,|l=un=4v*0+2,'fo',1,0
2019-08-24 12:14:13,192.168.0.108,UPDATE,4764,4764,|h=pw*0=1,'',0,0
2019-08-24 12:14:13,192.168.0.111,UPDATE,4764,4768,|37=3fi=3m*0+4,'ore',1,0
2019-08-24 12:14:13,192.168.0.106,UPDATE,4417,4419,|l=un=4x*0+2,'ld',1,0
2019-08-24 12:14:13,192.168.0.109,UPDATE,4768,4765,|g=pr=1-3,'',0,1
2019-08-24 12:14:13,192.168.0.108,UPDATE,4765,4765,|h=pt*0=1,'',0,0
2019-08-24 12:14:13,192.168.0.111,UPDATE,4765,4767,|37=3ff=3q*0+2,'li',1,0
2019-08-24 12:14:13,192.168.0.106,UPDATE,4419,4421,|l=un=4z*0+2,'ed',1,0
2019-08-24 12:14:14,192.168.0.109,UPDATE,4767,4766,|g=pr-1,'',0,1
2019-08-24 12:14:14,192.168.0.111,UPDATE,4766,4769,|37=3fe=3s*0+3,'kel',1,0
2019-08-24 12:14:15,192.168.0.111,UPDATE,4769,4771,|37=3fe=3v*0+2,'y',1,0
2019-08-24 12:14:15,192.168.0.106,UPDATE,4421,4422,|l=un=51*0+1,'',1,0
2019-08-24 12:14:15,192.168.0.111,UPDATE,4771,4772,|37=3fe=3x*0+1,'t',1,0
2019-08-24 12:14:15,192.168.0.106,UPDATE,4422,4425,|l=un=52*0+3,'and',1,0
2019-08-24 12:14:16,192.168.0.111,UPDATE,4772,4774,|37=3fe=3y*0+2,'o',1,0
2019-08-24 12:14:16,192.168.0.106,UPDATE,4425,4428,|l=un=55*0+3,'co',1,0
2019-08-24 12:14:16,192.168.0.108,UPDATE,4774,4775,|h=ps=k*0+1,'',1,0
2019-08-24 12:14:16,192.168.0.111,UPDATE,4775,4778,|37=3ff=40*0+3,'rea',1,0
2019-08-24 12:14:16,192.168.0.106,UPDATE,4428,4432,|l=un=58*0+4,'mpre',1,0
2019-08-24 12:14:17,192.168.0.108,UPDATE,4778,4781,|h=ps=l*0+3,'',1,0
2019-08-24 12:14:17,192.168.0.111,UPDATE,4781,4782,|37=3fi=43*0+1,'t',1,0
2019-08-24 12:14:17,192.168.0.106,UPDATE,4432,4435,|l=un=5c*0+3,'ss,',1
2019-08-24 12:14:17,192.168.0.108,UPDATE,4782,4785,|h=ps=o*0+3,'',1,0
2019-08-24 12:14:17,192.168.0.111,UPDATE,4785,4786,|37=3fl=43-1*0+2,'ct',1,1
2019-08-24 12:14:17,192.168.0.106,UPDATE,4435,4436,|l=un=5e-1*0+2,'ed',1,1
2019-08-24 12:14:18,192.168.0.108,UPDATE,4786,4789,|h=ps=r*0+3,'',1,0
2019-08-24 12:14:18,192.168.0.111,UPDATE,4789,4790,|37=3fo=45*0+1,'.',1,0
2019-08-24 12:14:18,192.168.0.106,UPDATE,4436,4437,|l=un=5g*0+1,',',1
2019-08-24 12:14:18,192.168.0.108,UPDATE,4790,4794,|h=ps=u*0+4,'',1,0
2019-08-24 12:14:18,192.168.0.106,UPDATE,4437,4439,|l=un=5h*0+2,'s',1,0
2019-08-24 12:14:19,192.168.0.108,UPDATE,4794,4797,|h=ps=y*0+3,'',1,0
2019-08-24 12:14:19,192.168.0.108,UPDATE,4797,4799,|h=ps=11*0+2,'',1,0
2019-08-24 12:14:20,192.168.0.106,UPDATE,4439,4440,|l=un=5j*0+1,'o',1,0
2019-08-24 12:14:20,192.168.0.106,UPDATE,4440,4441,|l=un=5k*0+1,'',1,0
2019-08-24 12:14:21,192.168.0.106,UPDATE,4441,4438,|l=un=5i-3,'',0,1
2019-08-24 12:14:21,192.168.0.106,UPDATE,4438,4440,|l=un=5i*0+2,'th',1,0
2019-08-24 12:14:22,192.168.0.106,UPDATE,4440,4443,|l=un=5k*0+3,'us',1,0
2019-08-24 12:14:22,192.168.0.106,UPDATE,4443,4446,|l=un=5n*0+3,'inc',1,0
2019-08-24 12:14:23,192.168.0.106,UPDATE,4446,4447,|l=un=5q*0+1,'r',1,0
2019-08-24 12:14:23,192.168.0.106,UPDATE,4447,4449,|l=un=5r*0+2,'ea',1,0
2019-08-24 12:14:24,192.168.0.106,UPDATE,4449,4450,|l=un=5t*0+1,'d',1,0
2019-08-24 12:14:25,192.168.0.106,UPDATE,4450,4449,|l=un=5t-1,'',0,1
2019-08-24 12:14:25,192.168.0.106,UPDATE,4449,4450,|l=un=5t*0+1,'s',1,0
2019-08-24 12:14:26,192.168.0.106,UPDATE,4450,4454,|l=un=5u*0+4,'ing',1,0
2019-08-24 12:14:27,192.168.0.106,UPDATE,4454,4455,|l=un=5y*0+1,'s',1,0
2019-08-24 12:14:28,192.168.0.106,UPDATE,4455,4457,|l=un=5z*0+2,'ur',1,0
2019-08-24 12:14:28,192.168.0.106,UPDATE,4457,4461,|l=un=61*0+4,'face',1,0
2019-08-24 12:14:29,192.168.0.108,UPDATE,4799,4800,|h=ps=13*0+1,'t',1,0
2019-08-24 12:14:29,192.168.0.106,UPDATE,4461,4462,|l=un=65*0+1,'',1,0
2019-08-24 12:14:29,192.168.0.108,UPDATE,4800,4802,|h=ps=14*0+2,'o',1,0
2019-08-24 12:14:29,192.168.0.106,UPDATE,4462,4463,|l=un=66*0+1,'a',1,0
2019-08-24 12:14:30,192.168.0.108,UPDATE,4802,4804,|h=ps=16*0+2,'ho',1,0
2019-08-24 12:14:30,192.168.0.106,UPDATE,4463,4466,|l=un=67*0+3,'rea',1,0
2019-08-24 12:14:30,192.168.0.108,UPDATE,4804,4807,|h=ps=18*0+3,'ld',1,0
2019-08-24 12:14:31,192.168.0.108,UPDATE,4807,4810,|h=ps=1b*0+3,'the',1,0
2019-08-24 12:14:31,192.168.0.108,UPDATE,4810,4811,|h=ps=1e*0+1,'',1,0
2019-08-24 12:14:32,192.168.0.108,UPDATE,4811,4814,|h=ps=1f*0+3,'mit',1,0
2019-08-24 12:14:32,192.168.0.108,UPDATE,4814,4816,|h=ps=1i*0+2,'ic',1,0
2019-08-24 12:14:33,192.168.0.108,UPDATE,4816,4818,|h=ps=1k*0+2,'ho',1,0
2019-08-24 12:14:33,192.168.0.108,UPDATE,4818,4819,|h=ps=1m*0+1,'n',1,0
2019-08-24 12:14:34,192.168.0.108,UPDATE,4819,4820,|h=ps=1n*0+1,'d',1,0
2019-08-24 12:14:34,192.168.0.108,UPDATE,4820,4822,|h=ps=1o*0+2,'ri',1,0
2019-08-24 12:14:35,192.168.0.108,UPDATE,4822,4825,|h=ps=1q*0+3,'on',1,0
2019-08-24 12:14:35,192.168.0.108,UPDATE,4825,4826,|h=ps=1t*0+1,'t',1,0
2019-08-24 12:14:36,192.168.0.110,UPDATE,4825,4824,|f=o3=1m-1,'',0,1
2019-08-24 12:14:36,192.168.0.108,UPDATE,4825,4829,|h=pr=1u*0+4,'oget',1,0
2019-08-24 12:14:36,192.168.0.108,UPDATE,4829,4832,|h=pr=1y*0+3,'her',1,0
2019-08-24 12:14:38,192.168.0.108,UPDATE,4832,4833,|h=pr=21*0+1,'',1,0
2019-08-24 12:14:38,192.168.0.108,UPDATE,4833,4836,|h=pr=22*0+3,'',1,0
2019-08-24 12:14:39,192.168.0.108,UPDATE,4836,4839,|h=pr=25*0+3,'',1,0
2019-08-24 12:14:39,192.168.0.110,UPDATE,4836,4835,|f=o3=1l-1,'',0,1
2019-08-24 12:14:40,192.168.0.108,UPDATE,4838,4839,|h=pq=28*0+1,'',1,0
2019-08-24 12:14:48,192.168.0.102,UPDATE,4466,4467,|q=14x=w*0+1,'',1,0
2019-08-24 12:14:49,192.168.0.104,UPDATE,4467,4468,|v=19u=1j*0+1,'-',1,0
2019-08-24 12:14:50,192.168.0.102,UPDATE,4468,4469,|q=14x=x*0+1,'a',1,0
2019-08-24 12:14:50,192.168.0.102,UPDATE,4469,4470,|q=14x=y*0+1,'',1,0
2019-08-24 12:14:51,192.168.0.102,UPDATE,4470,4472,|q=14x=z*0+2,'mw',1,0
2019-08-24 12:14:51,192.168.0.104,UPDATE,4470,4471,|v=19w=1k*0+1,'',1,0
2019-08-24 12:14:52,192.168.0.102,UPDATE,4473,4472,|q=14x=10-1,'',0,1
2019-08-24 12:14:53,192.168.0.102,UPDATE,4472,4473,|q=14x=10*0+1,'e',1,0
2019-08-24 12:14:53,192.168.0.102,UPDATE,4473,4474,|q=14x=11*0+1,'d',1,0
2019-08-24 12:14:54,192.168.0.102,UPDATE,4474,4475,|q=14x=12*0+1,'i',1,0
2019-08-24 12:14:54,192.168.0.102,UPDATE,4475,4477,|q=14x=13*0+2,'um',1,0
2019-08-24 12:14:55,192.168.0.102,UPDATE,4477,4478,|q=14x=15*0+1,'',1,0
2019-08-24 12:14:57,192.168.0.102,UPDATE,4478,4479,|q=14x=16*0+1,'f',1,0
2019-08-24 12:14:58,192.168.0.102,UPDATE,4479,4482,|q=14x=17*0+3,'or',1,0
2019-08-24 12:14:58,192.168.0.102,UPDATE,4482,4484,|q=14x=1a*0+2,'th',1,0
2019-08-24 12:14:59,192.168.0.102,UPDATE,4484,4486,|q=14x=1c*0+2,'e',1,0
2019-08-24 12:14:59,192.168.0.102,UPDATE,4486,4488,|q=14x=1e*0+2,'Kr',1,0
2019-08-24 12:15:00,192.168.0.102,UPDATE,4488,4490,|q=14x=1g*0+2,'eb',1,0
2019-08-24 12:15:01,192.168.0.102,UPDATE,4490,4491,|q=14x=1i*0+1,''',1,0
2019-08-24 12:15:01,192.168.0.102,UPDATE,4491,4492,|q=14x=1j*0+1,'s',1,0
2019-08-24 12:15:02,192.168.0.102,UPDATE,4492,4493,|q=14x=1k*0+1,'',1,0
2019-08-24 12:15:02,192.168.0.102,UPDATE,4493,4494,|q=14x=1l*0+1,'c',1,0
2019-08-24 12:15:03,192.168.0.102,UPDATE,4494,4495,|q=14x=1m*0+1,'y',1,0
2019-08-24 12:15:03,192.168.0.102,UPDATE,4495,4498,|q=14x=1n*0+3,'cle',1,0
2019-08-24 12:15:04,192.168.0.102,UPDATE,4498,4500,|q=14x=1q*0+2,'t',1,0
2019-08-24 12:15:04,192.168.0.102,UPDATE,4500,4501,|q=14x=1s*0+1,'o',1,0
2019-08-24 12:15:04,192.168.0.108,UPDATE,4839,4840,|13=1es*0*1*2*3+1,'*',1,0
2019-08-24 12:15:05,192.168.0.102,UPDATE,4501,4504,|q=14x=1t*0+3,'ta',1,0
2019-08-24 12:15:05,192.168.0.108,UPDATE,4840,4840,|13=1es*0=1,'',0,0
2019-08-24 12:15:05,192.168.0.102,UPDATE,4504,4507,|q=14x=1w*0+3,'ke',1,0
2019-08-24 12:15:06,192.168.0.108,UPDATE,4840,4840,|13=1es*0=1,'',0,0
2019-08-24 12:15:06,192.168.0.102,UPDATE,4507,4508,|q=14x=1z*0+1,'p',1,0
2019-08-24 12:15:06,192.168.0.108,UPDATE,4840,4840,|13=1es*0=1,'',0,0
2019-08-24 12:15:06,192.168.0.102,UPDATE,4508,4511,|q=14x=20*0+3,'lac',1,0
2019-08-24 12:15:07,192.168.0.102,UPDATE,4511,4513,|q=14x=23*0+2,'e',1,0
2019-08-24 12:15:07,192.168.0.102,UPDATE,4513,4515,|q=14x=25*0+2,'in',1,0
2019-08-24 12:15:08,192.168.0.102,UPDATE,4515,4516,|q=14x=27*0+1,'.',1,0
2019-08-24 12:15:08,192.168.0.102,UPDATE,4516,4517,|q=14x=28*0+1,'',1,0
2019-08-24 12:15:09,192.168.0.109,UPDATE,4840,4841,|f=o3=1l*0+1,'p',1,0
2019-08-24 12:15:09,192.168.0.109,UPDATE,4841,4843,|f=o3=1m*0+2,'ro',1,0
2019-08-24 12:15:10,192.168.0.109,UPDATE,4843,4847,|f=o3=1o*0+4,'tecc',1,0
2019-08-24 12:15:10,192.168.0.102,UPDATE,4517,4518,|q=14x=29*0+1,'c',1,0
2019-08-24 12:15:11,192.168.0.102,UPDATE,4518,4519,|q=14x=2a*0+1,'o',1,0
2019-08-24 12:15:11,192.168.0.102,UPDATE,4519,4517,|q=14x=29-2,'',0,1
2019-08-24 12:15:12,192.168.0.102,UPDATE,4517,4518,|q=14x=29*0+1,'C',1,0
2019-08-24 12:15:13,192.168.0.102,UPDATE,4518,4520,|q=14x=2a*0+2,'on',1,0
2019-08-24 12:15:13,192.168.0.102,UPDATE,4520,4522,|q=14x=2c*0+2,'ta',1,0
2019-08-24 12:15:14,192.168.0.102,UPDATE,4522,4524,|q=14x=2e*0+2,'in',1,0
2019-08-24 12:15:14,192.168.0.109,UPDATE,4847,4848,|f=o3=1s*0+1,'',1,0
2019-08-24 12:15:14,192.168.0.102,UPDATE,4524,4526,|q=14x=2g*0+2,'s',1,0
2019-08-24 12:15:15,192.168.0.109,UPDATE,4848,4849,|f=o3=1t*0+1,'a',1,0
2019-08-24 12:15:15,192.168.0.109,UPDATE,4849,4852,|f=o3=1u*0+3,'nd',1,0
2019-08-24 12:15:16,192.168.0.109,UPDATE,4852,4853,|f=o3=1x*0+1,'s',1,0
2019-08-24 12:15:16,192.168.0.109,UPDATE,4853,4854,|f=o3=1y*0+1,'e',1,0
2019-08-24 12:15:17,192.168.0.109,UPDATE,4854,4857,|f=o3=1z*0+3,'par',1,0
2019-08-24 12:15:17,192.168.0.109,UPDATE,4857,4860,|f=o3=22*0+3,'ate',1,0
2019-08-24 12:15:18,192.168.0.102,UPDATE,4526,4527,|q=14x=2i*0+1,'e',1,0
2019-08-24 12:15:18,192.168.0.102,UPDATE,4527,4529,|q=14x=2j*0+2,'ss',1,0
2019-08-24 12:15:19,192.168.0.110,UPDATE,4860,4859,|f=o3=1r-1,'',0,1
2019-08-24 12:15:19,192.168.0.102,UPDATE,4529,4532,|q=14x=2l*0+3,'ent',1,0
2019-08-24 12:15:19,192.168.0.110,UPDATE,4859,4860,|f=o3=1r*0+1,'t',1,0
2019-08-24 12:15:19,192.168.0.102,UPDATE,4532,4534,|q=14x=2o*0+2,'ia',1,0
2019-08-24 12:15:20,192.168.0.102,UPDATE,4534,4536,|q=14x=2q*0+2,'l',1,0
2019-08-24 12:15:20,192.168.0.104,UPDATE,4536,4561,|v=1bp=19*0|1+1*0+o,'',2,0
2019-08-24 12:15:21,192.168.0.104,UPDATE,4561,4586,|w=1cz=o*0|1+1*0+o,'',2,0
2019-08-24 12:15:24,192.168.0.104,UPDATE,4586,4585,|v=1bp=18-1,'',0,1
2019-08-24 12:15:25,192.168.0.104,UPDATE,4585,4583,|v=1bp=16-2,'',0,1
2019-08-24 12:15:25,192.168.0.102,UPDATE,4583,4584,|q=14x=2s*0+1,'c',1,0
2019-08-24 12:15:26,192.168.0.102,UPDATE,4584,4586,|q=14x=2t*0+2,'he',1,0
2019-08-24 12:15:26,192.168.0.104,UPDATE,4586,4585,|v=1bs=15-1,'',0,1
2019-08-24 12:15:26,192.168.0.102,UPDATE,4586,4587,|q=14x=2v*0+1,'m',1,0
2019-08-24 12:15:27,192.168.0.108,UPDATE,4860,4861,|13=1fc=1*0+1,'s',1,0
2019-08-24 12:15:27,192.168.0.102,UPDATE,4586,4588,|q=14x=2w*0+2,'ic',1,0
2019-08-24 12:15:27,192.168.0.104,UPDATE,4588,4589,|v=1bv=15*0+1,'-',1,0
2019-08-24 12:15:27,192.168.0.111,UPDATE,4861,4862,|11=1e2=18*0+1,'',1,0
2019-08-24 12:15:27,192.168.0.108,UPDATE,4862,4864,|13=1fd=2*0+2,'mo',1,0
2019-08-24 12:15:27,192.168.0.102,UPDATE,4589,4592,|q=14x=2y*0+3,'al',1,0
2019-08-24 12:15:28,192.168.0.104,UPDATE,4592,4593,|v=1by=16*0+1,'',1,0
2019-08-24 12:15:28,192.168.0.108,UPDATE,4864,4865,|13=1fd=4*0+1,'l',1,0
2019-08-24 12:15:28,192.168.0.102,UPDATE,4593,4594,|q=14x=31*0+1,'c',1,0
2019-08-24 12:15:28,192.168.0.111,UPDATE,4864,4863,|11=1e2=18-1,'',0,1
2019-08-24 12:15:28,192.168.0.102,UPDATE,4594,4596,|q=14x=32*0+2,'om',1,0
2019-08-24 12:15:28,192.168.0.108,UPDATE,4864,4865,|13=1fc=5*0+1,'',1,0
2019-08-24 12:15:29,192.168.0.108,UPDATE,4865,4867,|13=1fc=6*0+2,'',1,0
2019-08-24 12:15:29,192.168.0.102,UPDATE,4596,4598,|q=14x=34*0+2,'po',1,0
2019-08-24 12:15:29,192.168.0.102,UPDATE,4598,4599,|q=14x=36*0+1,'o',1,0
2019-08-24 12:15:29,192.168.0.108,UPDATE,4867,4868,|13=1fc=8*0+1,'',1,0
2019-08-24 12:15:30,192.168.0.102,UPDATE,4599,4598,|q=14x=36-1,'',0,1
2019-08-24 12:15:30,192.168.0.108,UPDATE,4868,4894,|13=1fc=9*0+q,'',1,0
2019-08-24 12:15:31,192.168.0.108,UPDATE,4894,4895,|13=1fc=z*0+1,'',1,0
2019-08-24 12:15:31,192.168.0.102,UPDATE,4598,4599,|q=14x=36*0+1,'n',1,0
2019-08-24 12:15:32,192.168.0.108,UPDATE,4895,4897,|13=1fc=10*0+2,'',1,0
2019-08-24 12:15:32,192.168.0.102,UPDATE,4599,4601,|q=14x=37*0+2,'en',1,0
2019-08-24 12:15:32,192.168.0.108,UPDATE,4897,4899,|13=1fc=12*0+2,'',1,0
2019-08-24 12:15:32,192.168.0.102,UPDATE,4601,4604,|q=14x=39*0+3,'ts',1,0
2019-08-24 12:15:33,192.168.0.102,UPDATE,4604,4605,|q=14x=3c*0+1,'f',1,0
2019-08-24 12:15:34,192.168.0.102,UPDATE,4605,4608,|q=14x=3d*0+3,'or',1,0
2019-08-24 12:15:34,192.168.0.103,UPDATE,4608,4609,|x=1ea=10*0+1,'',1,0
2019-08-24 12:15:35,192.168.0.102,UPDATE,4609,4610,|q=14x=3g*0+1,'t',1,0
2019-08-24 12:15:35,192.168.0.103,UPDATE,4610,4611,|x=1eb=11*0+1,'7',1,0
2019-08-24 12:15:35,192.168.0.102,UPDATE,4610,4612,|q=14x=3h*0+2,'he',1,0
2019-08-24 12:15:36,192.168.0.103,UPDATE,4613,4614,|x=1ed=12*0+1,'0',1,0
2019-08-24 12:15:36,192.168.0.102,UPDATE,4613,4614,|q=14x=3j*0+1,'',1,0
2019-08-24 12:15:37,192.168.0.103,UPDATE,4615,4616,|x=1ee=13*0+1,'S',1,0
2019-08-24 12:15:38,192.168.0.103,UPDATE,4616,4617,|x=1ee=14*0+1,',',1
2019-08-24 12:15:39,192.168.0.103,UPDATE,4617,4618,|x=1ee=15*0+1,'',1,0
2019-08-24 12:15:39,192.168.0.108,UPDATE,4899,4900,|13=1fc=14*0+1,'t',1,0
2019-08-24 12:15:40,192.168.0.108,UPDATE,4900,4903,|13=1fc=15*0+3,'o k',1,0
2019-08-24 12:15:40,192.168.0.102,UPDATE,4618,4619,|q=14x=3k*0+1,'c',1,0
2019-08-24 12:15:40,192.168.0.106,UPDATE,4619,4620,|v=1ci=17*0+1,'h',1,0
2019-08-24 12:15:40,192.168.0.108,UPDATE,4903,4906,|13=1fc=18*0+3,'eep',1,0
2019-08-24 12:15:41,192.168.0.102,UPDATE,4620,4622,|q=14x=3l*0+2,'yc',1,0
2019-08-24 12:15:41,192.168.0.106,UPDATE,4622,4623,|v=1ck=18*0+1,'e',1,0
2019-08-24 12:15:41,192.168.0.108,UPDATE,4906,4909,|13=1fc=1b*0+3,'th',1,0
2019-08-24 12:15:41,192.168.0.102,UPDATE,4623,4625,|q=14x=3n*0+2,'le',1,0
2019-08-24 12:15:41,192.168.0.108,UPDATE,4909,4912,|13=1fc=1e*0+3,'e p',1,0
2019-08-24 12:15:42,192.168.0.106,UPDATE,4625,4624,|v=1cm=18-1,'',0,1
2019-08-24 12:15:42,192.168.0.102,UPDATE,4625,4626,|q=14x=3p*0+1,'.',1,0
2019-08-24 12:15:42,192.168.0.108,UPDATE,4912,4914,|13=1fc=1h*0+2,'ro',1,0
2019-08-24 12:15:42,192.168.0.106,UPDATE,4625,4624,|v=1cn=17-1,'',0,1
2019-08-24 12:15:42,192.168.0.108,UPDATE,4914,4916,|13=1fc=1j*0+2,'to',1,0
2019-08-24 12:15:43,192.168.0.108,UPDATE,4916,4917,|13=1fc=1l*0+1,'n',1,0
2019-08-24 12:15:43,192.168.0.108,UPDATE,4917,4919,|13=1fc=1m*0+2,'g',1,0
2019-08-24 12:15:44,192.168.0.108,UPDATE,4919,4922,|13=1fc=1o*0+3,'rad',1,0
2019-08-24 12:15:44,192.168.0.108,UPDATE,4922,4925,|13=1fc=1r*0+3,'ien',1,0
2019-08-24 12:15:45,192.168.0.108,UPDATE,4925,4926,|13=1fc=1u*0+1,'t',1,0
2019-08-24 12:15:48,192.168.0.104,UPDATE,4624,4625,|v=1cn=17*0+1,'i',1,0
2019-08-24 12:15:48,192.168.0.109,UPDATE,4926,4927,|l=xs=18*0+1,'',1,0
2019-08-24 12:15:48,192.168.0.104,UPDATE,4625,4626,|v=1cn=18*0+1,'t',1,0
2019-08-24 12:15:48,192.168.0.109,UPDATE,4927,4928,|l=xs=19*0+1,'',1,0
2019-08-24 12:15:48,192.168.0.108,UPDATE,4928,4929,|13=1fe=1v*0+1,'',1,0
2019-08-24 12:15:49,192.168.0.104,UPDATE,4626,4627,|v=1cn=19*0+1,'',1,0
2019-08-24 12:15:49,192.168.0.108,UPDATE,4929,4947,|13=1fe=1w*0+i,'',1,0
2019-08-24 12:15:49,192.168.0.104,UPDATE,4627,4630,|v=1cn=1a*0+3,'cod',1,0
2019-08-24 12:15:50,192.168.0.108,UPDATE,4947,4948,|13=1fe=2e*0+1,'',1,0
2019-08-24 12:15:50,192.168.0.104,UPDATE,4630,4632,|v=1cn=1d*0+2,'es',1,0
2019-08-24 12:15:50,192.168.0.108,UPDATE,4948,4950,|13=1fe=2f*0+2,'',1,0
2019-08-24 12:15:50,192.168.0.104,UPDATE,4632,4634,|v=1cn=1f*0+2,'f',1,0
2019-08-24 12:15:51,192.168.0.104,UPDATE,4634,4637,|v=1cn=1h*0+3,'or',1,0
2019-08-24 12:15:51,192.168.0.104,UPDATE,4637,4639,|v=1cn=1k*0+2,'so',1,0
2019-08-24 12:15:52,192.168.0.104,UPDATE,4639,4642,|v=1cn=1m*0+3,'me',1,0
2019-08-24 12:15:52,192.168.0.104,UPDATE,4642,4646,|v=1cn=1p*0+4,'of t',1,0
2019-08-24 12:15:52,192.168.0.108,UPDATE,4950,4961,|13=1fe=2h*0+b,'',1,0
2019-08-24 12:15:53,192.168.0.104,UPDATE,4646,4649,|v=1cn=1t*0+3,'he',1,0
2019-08-24 12:15:53,192.168.0.110,UPDATE,4961,4960,|13=1fe=4-1,'',0,1
2019-08-24 12:15:53,192.168.0.104,UPDATE,4649,4651,|v=1cn=1w*0+2,'pr',1,0
2019-08-24 12:15:53,192.168.0.110,UPDATE,4960,4960,|13=1fe=3-1*0+1,'a',1,1
2019-08-24 12:15:54,192.168.0.104,UPDATE,4651,4654,|v=1cn=1y*0+3,'ote',1,0
2019-08-24 12:15:54,192.168.0.110,UPDATE,4960,4962,|13=1fe=4*0+2,'ll',1,0
2019-08-24 12:15:54,192.168.0.104,UPDATE,4654,4656,|v=1cn=21*0+2,'in',1,0
2019-08-24 12:15:55,192.168.0.104,UPDATE,4656,4657,|v=1cn=23*0+1,'s',1,0
2019-08-24 12:15:55,192.168.0.104,UPDATE,4657,4660,|v=1cn=24*0+3,'us',1,0
2019-08-24 12:15:56,192.168.0.104,UPDATE,4660,4663,|v=1cn=27*0+3,'ed',1,0
2019-08-24 12:15:58,192.168.0.104,UPDATE,4663,4664,|v=1cn=2a*0+1,'i',1,0
2019-08-24 12:15:59,192.168.0.104,UPDATE,4664,4665,|v=1cn=2b*0+1,'n',1,0
2019-08-24 12:15:59,192.168.0.109,UPDATE,4962,4963,|l=xs=1a*0+1,'f',1,0
2019-08-24 12:15:59,192.168.0.104,UPDATE,4665,4669,|v=1cn=2c*0+4,'side',1,0
2019-08-24 12:16:00,192.168.0.109,UPDATE,4963,4965,|l=xs=1b*0+2,'ol',1,0
2019-08-24 12:16:00,192.168.0.104,UPDATE,4669,4673,|v=1cn=2g*0+4,'the',1,0
2019-08-24 12:16:00,192.168.0.109,UPDATE,4965,4969,|l=xs=1d*0+4,'ded',1,0
2019-08-24 12:16:00,192.168.0.104,UPDATE,4673,4676,|v=1cn=2k*0+3,'mi',1,0
2019-08-24 12:16:01,192.168.0.109,UPDATE,4969,4971,|l=xs=1h*0+2,'in',1,0
2019-08-24 12:16:01,192.168.0.104,UPDATE,4676,4678,|v=1cn=2n*0+2,'to',1,0
2019-08-24 12:16:01,192.168.0.109,UPDATE,4971,4974,|l=xs=1j*0+3,'or',1,0
2019-08-24 12:16:02,192.168.0.109,UPDATE,4974,4978,|l=xs=1m*0+4,'der',1,0
2019-08-24 12:16:02,192.168.0.104,UPDATE,4678,4679,|v=1cn=2p*0+1,'c',1,0
2019-08-24 12:16:02,192.168.0.109,UPDATE,4978,4982,|l=xs=1q*0+4,'to m',1,0
2019-08-24 12:16:02,192.168.0.104,UPDATE,4679,4681,|v=1cn=2q*0+2,'ho',1,0
2019-08-24 12:16:03,192.168.0.109,UPDATE,4982,4983,|l=xs=1u*0+1,'a',1,0
2019-08-24 12:16:03,192.168.0.104,UPDATE,4681,4683,|v=1cn=2s*0+2,'nd',1,0
2019-08-24 12:16:03,192.168.0.109,UPDATE,4983,4986,|l=xs=1v*0+3,'xim',1,0
2019-08-24 12:16:03,192.168.0.104,UPDATE,4683,4686,|v=1cn=2u*0+3,'ria',1,0
2019-08-24 12:16:04,192.168.0.109,UPDATE,4986,4988,|l=xs=1y*0+2,'iz',1,0
2019-08-24 12:16:04,192.168.0.109,UPDATE,4988,4990,|l=xs=20*0+2,'e',1,0
2019-08-24 12:16:04,192.168.0.103,UPDATE,4686,4687,|x=1ga=16*0+1,'s',1,0
2019-08-24 12:16:05,192.168.0.109,UPDATE,4990,4991,|l=xs=22*0+1,'a',1,0
2019-08-24 12:16:05,192.168.0.103,UPDATE,4687,4691,|x=1ga=17*0+4,'ynth',1,0
2019-08-24 12:16:05,192.168.0.109,UPDATE,4991,4993,|l=xs=23*0+2,'ea',1,0
2019-08-24 12:16:05,192.168.0.103,UPDATE,4691,4692,|x=1ga=1b*0+1,'a',1,0
2019-08-24 12:16:06,192.168.0.109,UPDATE,4993,4991,|l=xs=23-2,'',0,1
2019-08-24 12:16:06,192.168.0.103,UPDATE,4692,4695,|x=1ga=1c*0+3,'sis',1,0
2019-08-24 12:16:06,192.168.0.103,UPDATE,4695,4697,|x=1ga=1f*0+2,'e',1,0
2019-08-24 12:16:07,192.168.0.109,UPDATE,4991,4990,|l=xs=22-1,'',0,1
2019-08-24 12:16:07,192.168.0.103,UPDATE,4697,4702,|x=1ga=1h*0+5,'the p',1,0
2019-08-24 12:16:07,192.168.0.109,UPDATE,4990,4992,|l=xs=22*0+2,'su',1,0
2019-08-24 12:16:07,192.168.0.103,UPDATE,4702,4704,|x=1ga=1m*0+2,'ro',1,0
2019-08-24 12:16:08,192.168.0.109,UPDATE,4992,4994,|l=xs=24*0+2,'rf',1,0
2019-08-24 12:16:08,192.168.0.103,UPDATE,4704,4705,|x=1ga=1o*0+1,'t',1,0
2019-08-24 12:16:08,192.168.0.109,UPDATE,4994,4998,|l=xs=26*0+4,'ace',1,0
2019-08-24 12:16:08,192.168.0.103,UPDATE,4705,4710,|x=1ga=1p*0+5,'eins',1,0
2019-08-24 12:16:09,192.168.0.109,UPDATE,4998,5001,|l=xs=2a*0+3,'are',1,0
2019-08-24 12:16:09,192.168.0.103,UPDATE,4710,4711,|x=1ga=1u*0+1,'a',1,0
2019-08-24 12:16:09,192.168.0.109,UPDATE,5001,5002,|l=xs=2d*0+1,'a',1,0
2019-08-24 12:16:09,192.168.0.103,UPDATE,4711,4714,|x=1ga=1v*0+3,'ND',1,0
2019-08-24 12:16:10,192.168.0.103,UPDATE,4714,4713,|x=1ga=1x-1,'',0,1
2019-08-24 12:16:11,192.168.0.103,UPDATE,4713,4711,|x=1ga=1v-2,'',0,1
2019-08-24 12:16:12,192.168.0.103,UPDATE,4711,4712,|x=1ga=1v*0+1,'n',1,0
2019-08-24 12:16:12,192.168.0.103,UPDATE,4712,4714,|x=1ga=1w*0+2,'d',1,0
2019-08-24 12:16:13,192.168.0.103,UPDATE,4714,4715,|x=1ga=1y*0+1,'e',1,0
2019-08-24 12:16:13,192.168.0.103,UPDATE,4715,4716,|x=1ga=1z*0+1,'n',1,0
2019-08-24 12:16:14,192.168.0.103,UPDATE,4716,4718,|x=1ga=20*0+2,'zy',1,0
2019-08-24 12:16:14,192.168.0.103,UPDATE,4718,4720,|x=1ga=22*0+2,'me',1,0
2019-08-24 12:16:15,192.168.0.103,UPDATE,4720,4722,|x=1ga=24*0+2,'s',1,0
2019-08-24 12:16:15,192.168.0.103,UPDATE,4722,4724,|x=1ga=26*0+2,'us',1,0
2019-08-24 12:16:16,192.168.0.103,UPDATE,4724,4726,|x=1ga=28*0+2,'ti',1,0
2019-08-24 12:16:16,192.168.0.103,UPDATE,4726,4729,|x=1ga=2a*0+3,'lis',1,0
2019-08-24 12:16:17,192.168.0.103,UPDATE,4729,4732,|x=1ga=2d*0+3,'ed',1,0
2019-08-24 12:16:17,192.168.0.103,UPDATE,4732,4736,|x=1ga=2g*0+4,'insi',1,0
2019-08-24 12:16:18,192.168.0.109,UPDATE,5002,5003,|l=xs=1a*0+1,'h',1,0
2019-08-24 12:16:18,192.168.0.103,UPDATE,4736,4739,|x=1ga=2k*0+3,'de',1,0
2019-08-24 12:16:18,192.168.0.109,UPDATE,5003,5004,|l=xs=1b*0+1,'o',1,0
2019-08-24 12:16:19,192.168.0.109,UPDATE,5004,5007,|l=xs=1c*0+3,'sts',1,0
2019-08-24 12:16:19,192.168.0.109,UPDATE,5007,5008,|l=xs=1f*0+1,'',1,0
2019-08-24 12:16:21,192.168.0.109,UPDATE,5008,5009,|l=xs=1g*0+1,'o',1,0
2019-08-24 12:16:22,192.168.0.109,UPDATE,5009,5010,|l=xs=1h*0+1,'x',1,0
2019-08-24 12:16:22,192.168.0.109,UPDATE,5010,5011,|l=xs=1i*0+1,'i',1,0
2019-08-24 12:16:23,192.168.0.109,UPDATE,5011,5013,|l=xs=1j*0+2,'da',1,0
2019-08-24 12:16:23,192.168.0.109,UPDATE,5013,5014,|l=xs=1l*0+1,'t',1,0
2019-08-24 12:16:24,192.168.0.109,UPDATE,5014,5018,|l=xs=1m*0+4,'ive',1,0
2019-08-24 12:16:24,192.168.0.109,UPDATE,5018,5019,|l=xs=1q*0+1,'p',1,0
2019-08-24 12:16:25,192.168.0.109,UPDATE,5019,5021,|l=xs=1r*0+2,'hs',1,0
2019-08-24 12:16:26,192.168.0.109,UPDATE,5021,5020,|l=xs=1s-1,'',0,1
2019-08-24 12:16:26,192.168.0.109,UPDATE,5020,5022,|l=xs=1s*0+2,'os',1,0
2019-08-24 12:16:27,192.168.0.109,UPDATE,5022,5023,|l=xs=1u*0+1,'p',1,0
2019-08-24 12:16:28,192.168.0.109,UPDATE,5023,5025,|l=xs=1v*0+2,'or',1,0
2019-08-24 12:16:28,192.168.0.109,UPDATE,5025,5027,|l=xs=1x*0+2,'yl',1,0
2019-08-24 12:16:30,192.168.0.109,UPDATE,5027,5028,|l=xs=1z*0+1,'a',1,0
2019-08-24 12:16:31,192.168.0.109,UPDATE,5028,5029,|l=xs=20*0+1,'r',1,0
2019-08-24 12:16:31,192.168.0.103,UPDATE,4739,4740,|x=1ga=2n*0+1,'t',1,0
2019-08-24 12:16:32,192.168.0.103,UPDATE,4740,4742,|x=1ga=2o*0+2,'he',1,0
2019-08-24 12:16:32,192.168.0.109,UPDATE,5029,5028,|l=xs=20-1,'',0,1
2019-08-24 12:16:33,192.168.0.109,UPDATE,5028,5029,|l=xs=20*0+1,'t',1,0
2019-08-24 12:16:33,192.168.0.103,UPDATE,4742,4743,|x=1ga=2q*0+1,'',1,0
2019-08-24 12:16:33,192.168.0.109,UPDATE,5029,5032,|l=xs=21*0+3,'ion',1,0
2019-08-24 12:16:33,192.168.0.103,UPDATE,4743,4745,|x=1ga=2r*0+2,'mi',1,0
2019-08-24 12:16:34,192.168.0.103,UPDATE,4745,4748,|x=1ga=2t*0+3,'toc',1,0
2019-08-24 12:16:34,192.168.0.103,UPDATE,4748,4750,|x=1ga=2w*0+2,'hr',1,0
2019-08-24 12:16:35,192.168.0.103,UPDATE,4750,4753,|x=1ga=2y*0+3,'ond',1,0
2019-08-24 12:16:35,192.168.0.109,UPDATE,5032,5033,|l=xs=24*0+1,'',1,0
2019-08-24 12:16:35,192.168.0.103,UPDATE,4753,4755,|x=1ga=31*0+2,'ir',1,0
2019-08-24 12:16:35,192.168.0.109,UPDATE,5033,5035,|l=xs=25*0+2,'',1,0
2019-08-24 12:16:36,192.168.0.109,UPDATE,5035,5039,|l=xs=27*0+4,'',1,0
2019-08-24 12:16:36,192.168.0.103,UPDATE,4755,4754,|x=1ga=32-1,'',0,1
2019-08-24 12:16:37,192.168.0.103,UPDATE,4754,4753,|x=1ga=31-1,'',0,1
2019-08-24 12:16:38,192.168.0.108,UPDATE,5039,5040,|2f=30l*0+1,'',1,0
2019-08-24 12:16:38,192.168.0.103,UPDATE,4753,4754,|x=1ga=31*0+1,'r',1,0
2019-08-24 12:16:39,192.168.0.103,UPDATE,4754,4757,|x=1ga=32*0+3,'ion',1,0
2019-08-24 12:16:39,192.168.0.108,UPDATE,5040,5066,|2f=30l=1*0+q,'',1,0
2019-08-24 12:15:13,192.168.0.106,UPDATE,4757,4756,|x=1ga=34-1,'',0,1
2019-08-24 12:15:13,192.168.0.106,UPDATE,4756,4753,|x=1ga=31-3,'',0,1
2019-08-24 12:15:14,192.168.0.106,UPDATE,4753,4750,|x=1ga=2y-3,'',0,1
2019-08-24 12:15:14,192.168.0.106,UPDATE,4750,4749,|x=1ga=2x-1,'',0,1
2019-08-24 12:15:15,192.168.0.106,UPDATE,4749,4750,|x=1ga=2x*0+1,'o',1,0
2019-08-24 12:15:15,192.168.0.106,UPDATE,4750,4751,|x=1ga=2y*0+1,'n',1,0
2019-08-24 12:15:16,192.168.0.106,UPDATE,4751,4753,|x=1ga=2z*0+2,'dr',1,0
2019-08-24 12:15:16,192.168.0.106,UPDATE,4753,4756,|x=1ga=31*0+3,'ion',1,0
2019-08-24 12:15:19,192.168.0.104,UPDATE,4756,4757,|12=1ne=18*0+1,'-',1,0
2019-08-24 12:15:20,192.168.0.104,UPDATE,4757,4758,|12=1ne=19*0+1,'',1,0
2019-08-24 12:15:21,192.168.0.108,UPDATE,5066,5067,|2f=30l=r*0+1,'i',1,0
2019-08-24 12:15:21,192.168.0.108,UPDATE,5067,5068,|2f=30l=s*0+1,'t',1,0
2019-08-24 12:15:22,192.168.0.108,UPDATE,5068,5069,|2f=30l=t*0+1,'',1,0
2019-08-24 12:15:22,192.168.0.108,UPDATE,5069,5072,|2f=30l=u*0+3,'is',1,0
2019-08-24 12:15:23,192.168.0.108,UPDATE,5072,5074,|2f=30l=x*0+2,'a',1,0
2019-08-24 12:15:23,192.168.0.108,UPDATE,5074,5075,|2f=30l=z*0+1,'p',1,0
2019-08-24 12:15:24,192.168.0.108,UPDATE,5075,5078,|2f=30l=10*0+3,'roe',1,0
2019-08-24 12:15:24,192.168.0.104,UPDATE,4758,4759,|12=1ne=1a*0+1,'s',1,0
2019-08-24 12:15:24,192.168.0.108,UPDATE,5078,5080,|2f=30l=13*0+2,'ti',1,0
2019-08-24 12:15:25,192.168.0.104,UPDATE,4759,4758,|12=1ne=1a-1,'',0,1
2019-08-24 12:15:25,192.168.0.108,UPDATE,5080,5082,|2f=30l=15*0+2,'n',1,0
2019-08-24 12:15:27,192.168.0.108,UPDATE,5082,5081,|2f=30l=16-1,'',0,1
2019-08-24 12:15:28,192.168.0.108,UPDATE,5081,5077,|2f=30l=12-4,'',0,1
2019-08-24 12:15:28,192.168.0.108,UPDATE,5077,5076,|2f=30l=11-1,'',0,1
2019-08-24 12:15:28,192.168.0.104,UPDATE,4758,4759,|12=1ne=1a*0+1,'u',1,0
2019-08-24 12:15:29,192.168.0.104,UPDATE,4759,4760,|12=1ne=1b*0+1,'s',1,0
2019-08-24 12:15:29,192.168.0.108,UPDATE,5076,5077,|2f=30l=11*0+1,'o',1,0
2019-08-24 12:15:30,192.168.0.104,UPDATE,4760,4761,|12=1ne=1c*0+1,'e',1,0
2019-08-24 12:15:30,192.168.0.108,UPDATE,5077,5079,|2f=30l=12*0+2,'te',1,0
2019-08-24 12:15:30,192.168.0.108,UPDATE,5079,5081,|2f=30l=14*0+2,'in',1,0
2019-08-24 12:15:30,192.168.0.104,UPDATE,4761,4763,|12=1ne=1d*0+2,'d',1,0
2019-08-24 12:15:31,192.168.0.108,UPDATE,5081,5084,|2f=30l=16*0+3,'in',1,0
2019-08-24 12:15:31,192.168.0.108,UPDATE,5084,5085,|2f=30l=19*0+1,'',1,0
2019-08-24 12:15:34,192.168.0.104,UPDATE,4763,4764,|12=1ne=1f*0+1,'i',1,0
2019-08-24 12:15:36,192.168.0.104,UPDATE,4764,4765,|12=1ne=1g*0+1,'n',1,0
2019-08-24 12:15:36,192.168.0.104,UPDATE,4765,4766,|12=1ne=1h*0+1,'',1,0
2019-08-24 12:15:37,192.168.0.104,UPDATE,4766,4769,|12=1ne=1i*0+3,'pro',1,0
2019-08-24 12:15:37,192.168.0.104,UPDATE,4769,4771,|12=1ne=1l*0+2,'to',1,0
2019-08-24 12:15:38,192.168.0.104,UPDATE,4771,4772,|12=1ne=1n*0+1,'n',1,0
2019-08-24 12:15:42,192.168.0.109,UPDATE,5085,5086,|2v=3f5=2k*0+1,'l',1,0
2019-08-24 12:15:42,192.168.0.109,UPDATE,5086,5087,|2v=3f5=2l*0+1,'y',1,0
2019-08-24 12:15:45,192.168.0.104,UPDATE,4772,4773,|12=1ne=1o*0+1,'',1,0
2019-08-24 12:15:45,192.168.0.104,UPDATE,4773,4775,|12=1ne=1p*0+2,'gr',1,0
2019-08-24 12:15:46,192.168.0.104,UPDATE,4775,4777,|12=1ne=1r*0+2,'ad',1,0
2019-08-24 12:15:46,192.168.0.104,UPDATE,4777,4781,|12=1ne=1t*0+4,'ient',1,0
2019-08-24 12:15:51,192.168.0.103,UPDATE,4781,4782,|12=1ne=1x*0+1,',',1
2019-08-24 12:15:51,192.168.0.103,UPDATE,4782,4783,|12=1ne=1y*0+1,'',1,0
2019-08-24 12:15:52,192.168.0.103,UPDATE,4783,4784,|12=1ne=1z*0+1,'i',1,0
2019-08-24 12:15:52,192.168.0.103,UPDATE,4784,4786,|12=1ne=20*0+2,'t',1,0
2019-08-24 12:15:53,192.168.0.103,UPDATE,4786,4787,|12=1ne=22*0+1,'s',1,0
2019-08-24 12:15:53,192.168.0.108,UPDATE,5087,5088,|2f=30l=1a*0+1,'t',1,0
2019-08-24 12:15:53,192.168.0.103,UPDATE,4787,4789,|12=1ne=23*0+2,'ep',1,0
2019-08-24 12:15:54,192.168.0.108,UPDATE,5088,5091,|2f=30l=1b*0+3,'he',1,0
2019-08-24 12:15:54,192.168.0.103,UPDATE,4789,4792,|12=1ne=25*0+3,'are',1,0
2019-08-24 12:15:54,192.168.0.103,UPDATE,4792,4795,|12=1ne=28*0+3,'ate',1,0
2019-08-24 12:15:55,192.168.0.108,UPDATE,5091,5092,|2f=30l=1e*0+1,'m',1,0
2019-08-24 12:15:55,192.168.0.103,UPDATE,4795,4794,|12=1ne=2a-1,'',0,1
2019-08-24 12:15:55,192.168.0.108,UPDATE,5092,5093,|2f=30l=1f*0+1,'e',1,0
2019-08-24 12:15:55,192.168.0.103,UPDATE,4794,4792,|12=1ne=28-2,'',0,1
2019-08-24 12:15:56,192.168.0.108,UPDATE,5093,5095,|2f=30l=1g*0+2,'mb',1,0
2019-08-24 12:15:56,192.168.0.103,UPDATE,4792,4791,|12=1ne=27-1,'',0,1
2019-08-24 12:15:56,192.168.0.108,UPDATE,5095,5097,|2f=30l=1i*0+2,'ra',1,0
2019-08-24 12:15:56,192.168.0.103,UPDATE,4791,4794,|12=1ne=27*0+3,'ate',1,0
2019-08-24 12:15:57,192.168.0.108,UPDATE,5097,5100,|2f=30l=1k*0+3,'ne',1,0
2019-08-24 12:15:57,192.168.0.103,UPDATE,4794,4796,|12=1ne=2a*0+2,'s',1,0
2019-08-24 12:15:57,192.168.0.103,UPDATE,4796,4800,|12=1ne=2c*0+4,'the',1,0
2019-08-24 12:15:59,192.168.0.103,UPDATE,4800,4801,|12=1ne=2g*0+1,'i',1,0
2019-08-24 12:15:59,192.168.0.103,UPDATE,4801,4805,|12=1ne=2h*0+4,'nner',1,0
2019-08-24 12:16:00,192.168.0.103,UPDATE,4805,4810,|12=1ne=2l*0+5,'and',1,0
2019-08-24 12:16:00,192.168.0.103,UPDATE,4810,4812,|12=1ne=2q*0+2,'ou',1,0
2019-08-24 12:16:01,192.168.0.108,UPDATE,5100,5101,|2f=30l=1n*0+1,'t',1,0
2019-08-24 12:16:01,192.168.0.103,UPDATE,4812,4816,|12=1ne=2s*0+4,'ter',1,0
2019-08-24 12:16:01,192.168.0.108,UPDATE,5101,5104,|2f=30l=1o*0+3,'hat',1,0
2019-08-24 12:16:01,192.168.0.109,UPDATE,5101,5102,|2x=3kq*0+1,'O',1,0
2019-08-24 12:16:01,192.168.0.103,UPDATE,4816,4819,|12=1ne=2w*0+3,'mme',1,0
2019-08-24 12:16:02,192.168.0.108,UPDATE,5105,5107,|2f=30l=1r*0+2,'t',1,0
2019-08-24 12:16:02,192.168.0.103,UPDATE,4819,4818,|12=1ne=2y-1,'',0,1
2019-08-24 12:16:02,192.168.0.109,UPDATE,5107,5106,|2x=3kv-1,'',0,1
2019-08-24 12:16:02,192.168.0.108,UPDATE,5107,5111,|2f=30l=1t*0+4,'rans',1,0
2019-08-24 12:16:02,192.168.0.103,UPDATE,4818,4818,|12=1ne=2x-1*0+1,'e',1,1
2019-08-24 12:16:03,192.168.0.108,UPDATE,5110,5112,|2f=30l=1x*0+2,'po',1,0
2019-08-24 12:16:03,192.168.0.103,UPDATE,4818,4819,|12=1ne=2y*0+1,'m',1,0
2019-08-24 12:16:03,192.168.0.108,UPDATE,5112,5114,|2f=30l=1z*0+2,'rt',1,0
2019-08-24 12:16:04,192.168.0.108,UPDATE,5114,5116,|2f=30l=21*0+2,'s',1,0
2019-08-24 12:16:05,192.168.0.103,UPDATE,4819,4820,|12=1ne=2z*0+1,'b',1,0
2019-08-24 12:16:05,192.168.0.108,UPDATE,5116,5117,|2f=30l=23*0+1,'e',1,0
2019-08-24 12:16:05,192.168.0.103,UPDATE,4820,4821,|12=1ne=30*0+1,'r',1,0
2019-08-24 12:16:05,192.168.0.108,UPDATE,5117,5119,|2f=30l=24*0+2,'le',1,0
2019-08-24 12:16:06,192.168.0.108,UPDATE,5119,5122,|2f=30l=26*0+3,'ctr',1,0
2019-08-24 12:16:06,192.168.0.103,UPDATE,4821,4822,|12=1ne=31*0+1,'a',1,0
2019-08-24 12:16:06,192.168.0.108,UPDATE,5122,5125,|2f=30l=29*0+3,'ons',1,0
2019-08-24 12:16:07,192.168.0.103,UPDATE,4822,4824,|12=1ne=32*0+2,'ne',1,0
2019-08-24 12:16:08,192.168.0.103,UPDATE,4824,4825,|12=1ne=34*0+1,'s',1,0
2019-08-24 12:17:01,192.168.0.107,UPDATE,5125,5126,|2o=39d=w*0+1,'N',1,0
2019-08-24 12:17:02,192.168.0.107,UPDATE,5126,5127,|2o=39d=x*0+1,'A',1,0
2019-08-24 12:17:02,192.168.0.107,UPDATE,5127,5128,|2o=39d=y*0+1,'D',1,0
2019-08-24 12:17:04,192.168.0.107,UPDATE,5128,5127,|2o=39d=v-1,'',0,1
2019-08-24 12:17:04,192.168.0.107,UPDATE,5127,5125,|2o=39d=t-2,'',0,1
2019-08-24 12:17:05,192.168.0.107,UPDATE,5125,5123,|2o=39d=r-2,'',0,1
2019-08-24 12:17:09,192.168.0.107,UPDATE,5123,5122,|2o=39d=2d-1,'',0,1
2019-08-24 12:17:10,192.168.0.107,UPDATE,5122,5121,|2o=39d=2a-3*0+2,'NA',1,1
2019-08-24 12:17:11,192.168.0.107,UPDATE,5121,5122,|2o=39d=2c*0+1,'D',1,0
2019-08-24 12:17:12,192.168.0.107,UPDATE,5122,5123,|2o=39d=2d*0+1,'H',1,0
2019-08-24 12:18:02,192.168.0.103,UPDATE,4825,4826,|1h=221*0+1,'T',1,0
2019-08-24 12:18:02,192.168.0.103,UPDATE,4826,4828,|1h=221=1*0+2,'ra',1,0
2019-08-24 12:18:04,192.168.0.103,UPDATE,4828,4829,|1h=221=3*0+1,'c',1,0
2019-08-24 12:18:04,192.168.0.103,UPDATE,4829,4832,|1h=221=4*0+3,'ks',1,0
2019-08-24 12:18:05,192.168.0.103,UPDATE,4832,4833,|1h=221=7*0+1,'t',1,0
2019-08-24 12:18:05,192.168.0.103,UPDATE,4833,4836,|1h=221=8*0+3,'he',1,0
2019-08-24 12:18:06,192.168.0.103,UPDATE,4836,4837,|1h=221=b*0+1,'m',1,0
2019-08-24 12:18:06,192.168.0.103,UPDATE,4837,4839,|1h=221=c*0+2,'oe',1,0
2019-08-24 12:18:07,192.168.0.103,UPDATE,4839,4838,|1h=221=d-1,'',0,1
2019-08-24 12:18:07,192.168.0.103,UPDATE,4838,4840,|1h=221=d*0+2,'ve',1,0
2019-08-24 12:18:08,192.168.0.103,UPDATE,4840,4843,|1h=221=f*0+3,'men',1,0
2019-08-24 12:18:08,192.168.0.103,UPDATE,4843,4848,|1h=221=i*0+5,'t of',1,0
2019-08-24 12:18:09,192.168.0.103,UPDATE,4848,4854,|1h=221=n*0+6,'the el',1,0
2019-08-24 12:18:10,192.168.0.103,UPDATE,4854,4855,|1h=221=t*0+1,'m',1,0
2019-08-24 12:18:10,192.168.0.103,UPDATE,4855,4856,|1h=221=u*0+1,'e',1,0
2019-08-24 12:18:11,192.168.0.103,UPDATE,4856,4855,|1h=221=t-2*0+1,'e',1,1
2019-08-24 12:18:11,192.168.0.103,UPDATE,4855,4856,|1h=221=u*0+1,'c',1,0
2019-08-24 12:18:12,192.168.0.103,UPDATE,4856,4859,|1h=221=v*0+3,'tro',1,0
2019-08-24 12:18:12,192.168.0.103,UPDATE,4859,4861,|1h=221=y*0+2,'ns',1,0
2019-08-24 12:18:38,192.168.0.103,UPDATE,4861,4860,|1h=221-1,'',0,1
2019-08-24 12:18:50,192.168.0.108,UPDATE,5123,5124,|s=163*0*1*2*3+1,'*',1,0
2019-08-24 12:18:50,192.168.0.108,UPDATE,5124,5124,|s=163*0=1,'',0,0
2019-08-24 12:18:51,192.168.0.108,UPDATE,5124,5124,|s=163*0=1,'',0,0
2019-08-24 12:18:51,192.168.0.108,UPDATE,5124,5124,|s=163*0=1,'',0,0
2019-08-24 12:18:52,192.168.0.108,UPDATE,5124,5123,|r=162|1-1,'',0,1
2019-08-24 12:18:52,192.168.0.103,UPDATE,4860,4861,|1h=221*0+1,'E',1,0
2019-08-24 12:18:52,192.168.0.108,UPDATE,5123,5124,|r=162=1*0+1,'l',1,0
2019-08-24 12:18:52,192.168.0.103,UPDATE,4861,4863,|1h=221=1*0+2,'le',1,0
2019-08-24 12:18:53,192.168.0.108,UPDATE,5124,5125,|r=162=2*0+1,'i',1,0
2019-08-24 12:18:53,192.168.0.103,UPDATE,4863,4865,|1h=221=3*0+2,'ct',1,0
2019-08-24 12:18:53,192.168.0.103,UPDATE,4865,4867,|1h=221=5*0+2,'ro',1,0
2019-08-24 12:18:54,192.168.0.103,UPDATE,4867,4869,|1h=221=7*0+2,'n',1,0
2019-08-24 12:18:54,192.168.0.108,UPDATE,5125,5124,|r=162=2-1,'',0,1
2019-08-24 12:18:54,192.168.0.108,UPDATE,5124,5122,|r=162-2,'',0,1
2019-08-24 12:18:55,192.168.0.103,UPDATE,4869,4870,|1h=221=9*0+1,'t',1,0
2019-08-24 12:18:55,192.168.0.103,UPDATE,4870,4871,|1h=221=a*0+1,'o',1,0
2019-08-24 12:18:55,192.168.0.108,UPDATE,5122,5123,|r=162*0*1*2*3+1,'*',1,0
2019-08-24 12:18:56,192.168.0.103,UPDATE,4871,4874,|1h=221=b*0+3,'mog',1,0
2019-08-24 12:18:56,192.168.0.108,UPDATE,5123,5123,|r=162*0=1,'',0,0
2019-08-24 12:18:56,192.168.0.103,UPDATE,4874,4876,|1h=221=e*0+2,'ra',1,0
2019-08-24 12:18:56,192.168.0.108,UPDATE,5123,5123,|r=162*0=1,'',0,0
2019-08-24 12:18:57,192.168.0.103,UPDATE,4876,4879,|1h=221=g*0+3,'phy',1,0
2019-08-24 12:18:57,192.168.0.108,UPDATE,5123,5124,|r=162=1*0+1,'l',1,0
2019-08-24 12:18:57,192.168.0.103,UPDATE,4879,4880,|1h=221=j*0+1,'',1,0
2019-08-24 12:18:58,192.168.0.103,UPDATE,4880,4881,|1h=221=k*0+1,'t',1,0
2019-08-24 12:18:59,192.168.0.108,UPDATE,5124,5125,|r=162=2*0+1,'i',1,0
2019-08-24 12:18:59,192.168.0.108,UPDATE,5125,5126,|r=162=3*0+1,'q',1,0
2019-08-24 12:19:00,192.168.0.108,UPDATE,5126,5129,|r=162=4*0+3,'uid',1,0
2019-08-24 12:19:02,192.168.0.106,UPDATE,4881,4882,|1y=2lg=12*0+1,'',1,0
2019-08-24 12:19:08,192.168.0.106,UPDATE,4882,4892,|1y=2lg=13*0+4|6=3z=y*0+6,'lost gaine',2,0
2019-08-24 12:19:08,192.168.0.103,UPDATE,4882,4883,|2a=2vf=10*0+1,'',1,0
2019-08-24 12:19:08,192.168.0.106,UPDATE,4893,4894,|24=2qm=14*0+1,'d',1,0
2019-08-24 12:19:08,192.168.0.103,UPDATE,4893,4894,|2a=2vp=11*0+1,'l',1,0
2019-08-24 12:19:09,192.168.0.103,UPDATE,4895,4898,|2a=2vq=12*0+3,'ost',1,0
2019-08-24 12:19:16,192.168.0.104,UPDATE,4898,4899,|1y=2lg*0*1*2*3+1,'*',1,0
2019-08-24 12:19:16,192.168.0.104,UPDATE,4899,4899,|1y=2lg*0=1,'',0,0
2019-08-24 12:19:18,192.168.0.104,UPDATE,4899,4900,|1y=2lg=18*0+1,'',1,0
2019-08-24 12:19:18,192.168.0.106,UPDATE,4900,4901,|1y=2lg=18*0+1,'',1,0
2019-08-24 12:19:18,192.168.0.104,UPDATE,4901,4901,|1y=2lg*0=1,'',0,0
2019-08-24 12:19:18,192.168.0.106,UPDATE,4901,4912,|1y=2lg=19*0+b,'',1,0
2019-08-24 12:19:19,192.168.0.106,UPDATE,4912,4944,|1y=2lg=1k*0+w,'',1,0
2019-08-24 12:19:20,192.168.0.106,UPDATE,4944,4945,|1y=2lg=2g*0+1,'',1,0
2019-08-24 12:19:21,192.168.0.106,UPDATE,4945,4946,|1y=2lg=2h*0+1,'g',1,0
2019-08-24 12:19:22,192.168.0.106,UPDATE,4946,4950,|1y=2lg=2i*0+4,'aine',1,0
2019-08-24 12:19:22,192.168.0.106,UPDATE,4950,4951,|1y=2lg=2m*0+1,'d',1,0
2019-08-24 12:19:28,192.168.0.106,UPDATE,4951,5019,|24=2s3=15*0+1w,'',1,0
2019-08-24 12:19:28,192.168.0.106,UPDATE,5019,5020,|24=2s3=31*0+1,'l',1,0
2019-08-24 12:19:29,192.168.0.106,UPDATE,5020,5022,|24=2s3=32*0+2,'os',1,0
2019-08-24 12:19:29,192.168.0.106,UPDATE,5022,5023,|24=2s3=34*0+1,'t',1,0
2019-08-24 12:19:32,192.168.0.103,UPDATE,5023,5024,|2a=2z7=15*0+1,'',1,0
2019-08-24 12:19:32,192.168.0.106,UPDATE,5024,5024,|2a=2z7=16|1-1*0+1,'',1,1
2019-08-24 12:19:34,192.168.0.106,UPDATE,5024,5096,|2a=2z7=17*0+20,'',1,0
2019-08-24 12:19:35,192.168.0.106,UPDATE,5096,5097,|2a=2z7=37*0+1,'g',1,0
2019-08-24 12:19:35,192.168.0.106,UPDATE,5097,5101,|2a=2z7=38*0+4,'aine',1,0
2019-08-24 12:19:36,192.168.0.106,UPDATE,5101,5102,|2a=2z7=3c*0+1,'d',1,0
2019-08-24 12:19:50,192.168.0.104,UPDATE,5102,5127,|2d=36g=1u*0|1+1*0+o,'',2,0
2019-08-24 12:19:50,192.168.0.104,UPDATE,5127,5152,|2e=38b=o*0|1+1*0+o,'',2,0
2019-08-24 12:19:51,192.168.0.104,UPDATE,5152,5153,|2f=390=o*0+1,'N',1,0
2019-08-24 12:19:52,192.168.0.104,UPDATE,5153,5154,|2f=390=p*0+1,'A',1,0
2019-08-24 12:19:52,192.168.0.104,UPDATE,5154,5155,|2f=390=q*0+1,'D',1,0
2019-08-24 12:19:53,192.168.0.104,UPDATE,5155,5180,|2f=390=r*0|1+1*0+o,'',2,0
2019-08-24 12:19:53,192.168.0.104,UPDATE,5180,5205,|2g=39s=o*0|1+1*0+o,'',2,0
2019-08-24 12:19:54,192.168.0.104,UPDATE,5205,5206,|2h=3ah=o*0+1,'F',1,0
2019-08-24 12:19:54,192.168.0.104,UPDATE,5206,5208,|2h=3ah=p*0+2,'AD',1,0
2019-08-24 12:20:05,192.168.0.108,UPDATE,5129,5130,|x=1ch*0*1*2*3+1,'*',1,0
2019-08-24 12:20:05,192.168.0.108,UPDATE,5130,5130,|x=1ch*0=1,'',0,0
2019-08-24 12:20:05,192.168.0.103,UPDATE,5208,5209,|2g=39s=o*0+1,'',1,0
2019-08-24 12:20:06,192.168.0.108,UPDATE,5130,5130,|x=1ch*0=1,'',0,0
2019-08-24 12:20:06,192.168.0.103,UPDATE,5209,5211,|2g=39s=p*0+2,'',1,0
2019-08-24 12:20:06,192.168.0.103,UPDATE,5211,5214,|2g=39s=r*0+3,'',1,0
2019-08-24 12:20:07,192.168.0.103,UPDATE,5214,5217,|2g=39s=u*0+3,'',1,0
2019-08-24 12:20:07,192.168.0.103,UPDATE,5217,5220,|2g=39s=x*0+3,'',1,0
2019-08-24 12:20:08,192.168.0.103,UPDATE,5220,5221,|2g=39s=10*0+1,'',1,0
2019-08-24 12:20:08,192.168.0.108,UPDATE,5130,5131,|x=1ch=1*0+1,'D',1,0
2019-08-24 12:20:09,192.168.0.108,UPDATE,5131,5132,|x=1ch=2*0+1,'N',1,0
2019-08-24 12:20:10,192.168.0.108,UPDATE,5132,5133,|x=1ch=3*0+1,'A',1,0
2019-08-24 12:20:10,192.168.0.108,UPDATE,5133,5134,|x=1ch=4*0+1,'',1,0
2019-08-24 12:20:11,192.168.0.103,UPDATE,5221,5222,|2g=39s=11*0+1,'T',1,0
2019-08-24 12:20:11,192.168.0.103,UPDATE,5222,5224,|2g=39s=12*0+2,'he',1,0
2019-08-24 12:20:12,192.168.0.103,UPDATE,5224,5226,|2g=39s=14*0+2,'y',1,0
2019-08-24 12:20:16,192.168.0.103,UPDATE,5226,5227,|2g=39s=16*0+1,'p',1,0
2019-08-24 12:20:17,192.168.0.103,UPDATE,5227,5229,|2g=39s=17*0+2,'ar',1,0
2019-08-24 12:20:17,192.168.0.103,UPDATE,5229,5232,|2g=39s=19*0+3,'tic',1,0
2019-08-24 12:20:18,192.168.0.103,UPDATE,5232,5235,|2g=39s=1c*0+3,'ipa',1,0
2019-08-24 12:20:18,192.168.0.103,UPDATE,5235,5239,|2g=39s=1f*0+4,'te i',1,0
2019-08-24 12:20:19,192.168.0.103,UPDATE,5239,5241,|2g=39s=1j*0+2,'n',1,0
2019-08-24 12:20:19,192.168.0.103,UPDATE,5241,5244,|2g=39s=1l*0+3,'red',1,0
2019-08-24 12:20:20,192.168.0.103,UPDATE,5244,5246,|2g=39s=1o*0+2,'uc',1,0
2019-08-24 12:20:20,192.168.0.103,UPDATE,5246,5251,|2g=39s=1q*0+5,'tion',1,0
2019-08-24 12:20:23,192.168.0.103,UPDATE,5251,5252,|2g=39s=1v*0+1,'a',1,0
2019-08-24 12:20:24,192.168.0.103,UPDATE,5252,5255,|2g=39s=1w*0+3,'nd',1,0
2019-08-24 12:20:24,192.168.0.103,UPDATE,5255,5256,|2g=39s=1z*0+1,'b',1,0
2019-08-24 12:20:25,192.168.0.103,UPDATE,5256,5257,|2g=39s=20*0+1,'e',1,0
2019-08-24 12:20:25,192.168.0.103,UPDATE,5257,5256,|2g=39s=20-1,'',0,1
2019-08-24 12:20:26,192.168.0.103,UPDATE,5256,5255,|2g=39s=1z-1,'',0,1
2019-08-24 12:20:26,192.168.0.103,UPDATE,5255,5257,|2g=39s=1z*0+2,'ae',1,0
2019-08-24 12:20:27,192.168.0.103,UPDATE,5257,5256,|2g=39s=20-1,'',0,1
2019-08-24 12:20:27,192.168.0.103,UPDATE,5256,5259,|2g=39s=20*0+3,'re',1,0
2019-08-24 12:20:28,192.168.0.103,UPDATE,5259,5260,|2g=39s=23*0+1,'o',1,0
2019-08-24 12:20:28,192.168.0.103,UPDATE,5260,5261,|2g=39s=24*0+1,'x',1,0
2019-08-24 12:20:29,192.168.0.103,UPDATE,5261,5263,|2g=39s=25*0+2,'is',1,0
2019-08-24 12:20:29,192.168.0.103,UPDATE,5263,5262,|2g=39s=26-1,'',0,1
2019-08-24 12:20:30,192.168.0.103,UPDATE,5262,5264,|2g=39s=26*0+2,'da',1,0
2019-08-24 12:20:31,192.168.0.103,UPDATE,5264,5263,|2g=39s=27-1,'',0,1
2019-08-24 12:20:32,192.168.0.103,UPDATE,5263,5265,|2g=39s=27*0+2,'os',1,0
2019-08-24 12:20:32,192.168.0.103,UPDATE,5265,5267,|2g=39s=29*0+2,'ed',1,0
2019-08-24 12:20:33,192.168.0.103,UPDATE,5267,5266,|2g=39s=2a-1,'',0,1
2019-08-24 12:20:34,192.168.0.103,UPDATE,5266,5264,|2g=39s=28-2,'',0,1
2019-08-24 12:20:34,192.168.0.103,UPDATE,5264,5263,|2g=39s=27-1,'',0,1
2019-08-24 12:20:35,192.168.0.103,UPDATE,5263,5265,|2g=39s=27*0+2,'is',1,0
2019-08-24 12:20:35,192.168.0.103,UPDATE,5265,5269,|2g=39s=29*0+4,'ed,',1
2019-08-24 12:20:36,192.168.0.103,UPDATE,5269,5270,|2g=39s=2d*0+1,'m',1,0
2019-08-24 12:20:37,192.168.0.103,UPDATE,5270,5271,|2g=39s=2e*0+1,'e',1,0
2019-08-24 12:20:37,192.168.0.103,UPDATE,5271,5270,|2g=39s=2e-1,'',0,1
2019-08-24 12:20:38,192.168.0.103,UPDATE,5270,5269,|2g=39s=2d-1,'',0,1
2019-08-24 12:20:38,192.168.0.103,UPDATE,5269,5270,|2g=39s=2d*0+1,'t',1,0
2019-08-24 12:20:39,192.168.0.103,UPDATE,5270,5274,|2g=39s=2e*0+4,'hus',1,0
2019-08-24 12:21:05,192.168.0.108,UPDATE,5134,5135,|x=1ch=5*0+1,'',1,0
2019-08-24 12:21:05,192.168.0.108,UPDATE,5135,5137,|x=1ch=6*0+2,'in',1,0
2019-08-24 12:21:06,192.168.0.108,UPDATE,5137,5136,|x=1ch=7-1,'',0,1
2019-08-24 12:21:06,192.168.0.108,UPDATE,5136,5138,|x=1ch=7*0+2,'s',1,0
2019-08-24 12:21:16,192.168.0.108,UPDATE,5138,5139,|x=1ch=9*0+1,'n',1,0
2019-08-24 12:21:16,192.168.0.108,UPDATE,5139,5142,|x=1ch=a*0+3,'ake',1,0
2019-08-24 12:21:17,192.168.0.108,UPDATE,5142,5143,|x=1ch=d*0+1,'d',1,0
2019-08-24 12:21:19,192.168.0.108,UPDATE,5143,5144,|x=1ch=e*0+1,',',1
2019-08-24 12:21:20,192.168.0.108,UPDATE,5144,5145,|x=1ch=f*0+1,'',1,0
2019-08-24 12:21:20,192.168.0.108,UPDATE,5145,5146,|x=1ch=g*0+1,'7',1,0
2019-08-24 12:21:21,192.168.0.108,UPDATE,5146,5147,|x=1ch=h*0+1,'0',1,0
2019-08-24 12:21:22,192.168.0.108,UPDATE,5147,5148,|x=1ch=i*0+1,'s',1,0
2019-08-24 12:21:22,192.168.0.108,UPDATE,5148,5149,|x=1ch=j*0+1,'',1,0
2019-08-24 12:21:23,192.168.0.108,UPDATE,5149,5150,|x=1ch=k*0+1,'r',1,0
2019-08-24 12:21:24,192.168.0.108,UPDATE,5150,5151,|x=1ch=l*0+1,'i',1,0
2019-08-24 12:21:24,192.168.0.108,UPDATE,5151,5153,|x=1ch=m*0+2,'bo',1,0
2019-08-24 12:21:25,192.168.0.108,UPDATE,5153,5156,|x=1ch=o*0+3,'som',1,0
2019-08-24 12:21:25,192.168.0.108,UPDATE,5156,5159,|x=1ch=r*0+3,'es',1,0
2019-08-24 12:21:26,192.168.0.108,UPDATE,5159,5161,|x=1ch=u*0+2,'pr',1,0
2019-08-24 12:21:27,192.168.0.108,UPDATE,5161,5163,|x=1ch=w*0+2,'od',1,0
2019-08-24 12:21:28,192.168.0.108,UPDATE,5163,5165,|x=1ch=y*0+2,'uc',1,0
2019-08-24 12:21:28,192.168.0.108,UPDATE,5165,5167,|x=1ch=10*0+2,'e',1,0
2019-08-24 12:21:29,192.168.0.108,UPDATE,5167,5169,|x=1ch=12*0+2,'or',1,0
2019-08-24 12:21:29,192.168.0.108,UPDATE,5169,5168,|x=1ch=13-1,'',0,1
2019-08-24 12:21:30,192.168.0.108,UPDATE,5168,5167,|x=1ch=12-1,'',0,1
2019-08-24 12:21:31,192.168.0.108,UPDATE,5167,5168,|x=1ch=12*0+1,'p',1,0
2019-08-24 12:21:31,192.168.0.108,UPDATE,5168,5170,|x=1ch=13*0+2,'ro',1,0
2019-08-24 12:21:32,192.168.0.108,UPDATE,5170,5172,|x=1ch=15*0+2,'te',1,0
2019-08-24 12:21:32,192.168.0.108,UPDATE,5172,5176,|x=1ch=17*0+4,'ins',1,0
2019-08-24 12:21:33,192.168.0.108,UPDATE,5176,5179,|x=1ch=1b*0+3,'for',1,0
2019-08-24 12:21:33,192.168.0.108,UPDATE,5179,5180,|x=1ch=1e*0+1,'',1,0
2019-08-24 12:21:34,192.168.0.108,UPDATE,5180,5181,|x=1ch=1f*0+1,'t',1,0
2019-08-24 12:21:34,192.168.0.108,UPDATE,5181,5185,|x=1ch=1g*0+4,'he m',1,0
2019-08-24 12:21:35,192.168.0.108,UPDATE,5185,5187,|x=1ch=1k*0+2,'it',1,0
2019-08-24 12:21:35,192.168.0.108,UPDATE,5187,5188,|x=1ch=1m*0+1,'o',1,0
2019-08-24 12:21:36,192.168.0.108,UPDATE,5188,5190,|x=1ch=1n*0+2,'ch',1,0
2019-08-24 12:21:36,192.168.0.108,UPDATE,5190,5192,|x=1ch=1p*0+2,'on',1,0
2019-08-24 12:21:37,192.168.0.108,UPDATE,5192,5193,|x=1ch=1r*0+1,'d',1,0
2019-08-24 12:21:37,192.168.0.108,UPDATE,5193,5195,|x=1ch=1s*0+2,'ri',1,0
2019-08-24 12:21:38,192.168.0.108,UPDATE,5195,5197,|x=1ch=1u*0+2,'on',1,0
2019-08-24 12:21:38,192.168.0.109,UPDATE,5195,5196,|12=1jj=2l*0+1,'b',1,0
2019-08-24 12:21:39,192.168.0.109,UPDATE,5198,5202,|12=1jl=2m*0+4,'eing',1,0
2019-08-24 12:21:40,192.168.0.109,UPDATE,5202,5205,|12=1jl=2q*0+3,'sm',1,0
2019-08-24 12:21:40,192.168.0.109,UPDATE,5205,5207,|12=1jl=2t*0+2,'ol',1,0
2019-08-24 12:21:41,192.168.0.108,UPDATE,5207,5208,|x=1ch=e*0+1,'',1,0
2019-08-24 12:21:41,192.168.0.108,UPDATE,5208,5211,|x=1ch=f*0+3,'and',1,0
2019-08-24 12:21:42,192.168.0.108,UPDATE,5211,5212,|x=1ch=i*0+1,'',1,0
2019-08-24 12:21:42,192.168.0.108,UPDATE,5212,5213,|x=1ch=j*0+1,'c',1,0
2019-08-24 12:21:43,192.168.0.108,UPDATE,5213,5215,|x=1ch=k*0+2,'od',1,0
2019-08-24 12:21:43,192.168.0.108,UPDATE,5215,5218,|x=1ch=m*0+3,'es',1,0
2019-08-24 12:21:44,192.168.0.108,UPDATE,5218,5221,|x=1ch=p*0+3,'for',1,0
2019-08-24 12:21:44,192.168.0.108,UPDATE,5221,5222,|x=1ch=s*0+1,'',1,0
2019-08-24 12:21:57,192.168.0.103,UPDATE,5274,5275,|2g=39s=2i*0+1,'i',1,0
2019-08-24 12:21:57,192.168.0.103,UPDATE,5275,5277,|2g=39s=2j*0+2,'t',1,0
2019-08-24 12:21:58,192.168.0.103,UPDATE,5277,5276,|2g=39s=2k-1,'',0,1
2019-08-24 12:21:59,192.168.0.103,UPDATE,5276,5274,|2g=39s=2i-2,'',0,1
2019-08-24 12:21:59,192.168.0.103,UPDATE,5274,5277,|2g=39s=2i*0+3,'the',1,0
2019-08-24 12:22:00,192.168.0.103,UPDATE,5277,5280,|2g=39s=2l*0+3,'y g',1,0
2019-08-24 12:22:00,192.168.0.103,UPDATE,5280,5283,|2g=39s=2o*0+3,'ain',1,0
2019-08-24 12:22:01,192.168.0.103,UPDATE,5283,5287,|2g=39s=2r*0+4,'ele',1,0
2019-08-24 12:22:01,192.168.0.103,UPDATE,5287,5290,|2g=39s=2v*0+3,'ctr',1,0
2019-08-24 12:22:02,192.168.0.103,UPDATE,5290,5294,|2g=39s=2y*0+4,'ons',1,0
2019-08-24 12:22:02,192.168.0.103,UPDATE,5294,5299,|2g=39s=32*0+5,'that',1,0
2019-08-24 12:22:03,192.168.0.103,UPDATE,5299,5304,|2g=39s=37*0+5,'they',1,0
2019-08-24 12:22:04,192.168.0.103,UPDATE,5304,5305,|2g=39s=3c*0+1,'c',1,0
2019-08-24 12:22:04,192.168.0.103,UPDATE,5305,5308,|2g=39s=3d*0+3,'arr',1,0
2019-08-24 12:22:05,192.168.0.103,UPDATE,5308,5309,|2g=39s=3g*0+1,'y',1,0
2019-08-24 12:22:05,192.168.0.103,UPDATE,5309,5310,|2g=39s=3h*0+1,'',1,0
2019-08-24 12:22:06,192.168.0.103,UPDATE,5310,5312,|2g=39s=3i*0+2,'la',1,0
2019-08-24 12:22:06,192.168.0.103,UPDATE,5312,5317,|2g=39s=3k*0+5,'ter o',1,0
2019-08-24 12:22:07,192.168.0.103,UPDATE,5317,5320,|2g=39s=3p*0+3,'n.',1,0
2019-08-24 12:22:11,192.168.0.110,UPDATE,5222,5224,|2y=3o5*0+2,'te',1,0
2019-08-24 12:22:12,192.168.0.110,UPDATE,5224,5228,|2y=3o5=2*0+4,'htud',1,0
2019-08-24 12:22:12,192.168.0.110,UPDATE,5228,5230,|2y=3o5=6*0+2,'m',1,0
2019-08-24 12:22:13,192.168.0.110,UPDATE,5230,5236,|2y=3o5=8*0+6,'ina te',1,0
2019-08-24 12:22:13,192.168.0.110,UPDATE,5236,5239,|2y=3o5=e*0+3,'gin',1,0
2019-08-24 12:22:26,192.168.0.104,UPDATE,5320,5345,|2r=3ig=12*0|1+1*0+o,'',2,0
2019-08-24 12:22:26,192.168.0.104,UPDATE,5345,5370,|2s=3jj=o*0|1+1*0+o,'',2,0
2019-08-24 12:22:27,192.168.0.106,UPDATE,5370,5371,|2v=3m9*0+1,'N',1,0
2019-08-24 12:22:28,192.168.0.104,UPDATE,5371,5372,|2t=3k8=o*0+1,'N',1,0
2019-08-24 12:22:28,192.168.0.106,UPDATE,5372,5373,|2v=3ma=1*0+1,'A',1,0
2019-08-24 12:22:28,192.168.0.104,UPDATE,5372,5397,|2t=3k8=p*0|1+1*0+o,'',2,0
2019-08-24 12:22:29,192.168.0.106,UPDATE,5398,5399,|2w=3mz=2*0+1,'D',1,0
2019-08-24 12:22:29,192.168.0.104,UPDATE,5399,5395,|2u=3ky=k-4,'',0,1
2019-08-24 12:22:30,192.168.0.104,UPDATE,5395,5391,|2u=3ky=g-4,'',0,1
2019-08-24 12:22:30,192.168.0.106,UPDATE,5395,5394,|2w=3mv=2-1,'',0,1
2019-08-24 12:22:30,192.168.0.106,UPDATE,5390,5388,|2w=3mr-2,'',0,1
2019-08-24 12:22:30,192.168.0.108,UPDATE,5239,5240,|x=1ch=t*0+1,'m',1,0
2019-08-24 12:22:31,192.168.0.108,UPDATE,5240,5243,|x=1ch=u*0+3,'ito',1,0
2019-08-24 12:22:31,192.168.0.108,UPDATE,5243,5246,|x=1ch=x*0+3,'cho',1,0
2019-08-24 12:22:32,192.168.0.104,UPDATE,5388,5387,|2t=3k8=o-1,'',0,1
2019-08-24 12:22:32,192.168.0.108,UPDATE,5246,5248,|x=1ch=10*0+2,'nd',1,0
2019-08-24 12:22:33,192.168.0.108,UPDATE,5248,5251,|x=1ch=12*0+3,'ria',1,0
2019-08-24 12:22:33,192.168.0.108,UPDATE,5251,5253,|x=1ch=15*0+2,'l',1,0
2019-08-24 12:22:33,192.168.0.104,UPDATE,5387,5383,|2s=3jj=k-4,'',0,1
2019-08-24 12:22:34,192.168.0.104,UPDATE,5383,5379,|2s=3jj=g-4,'',0,1
2019-08-24 12:22:34,192.168.0.104,UPDATE,5379,5367,|2s=3jj=4-c,'',0,1
2019-08-24 12:22:35,192.168.0.104,UPDATE,5367,5363,|2s=3jj-4,'',0,1
2019-08-24 12:22:36,192.168.0.104,UPDATE,5363,5362,|2r=3ig=12|1-1,'',0,1
2019-08-24 12:22:36,192.168.0.104,UPDATE,5362,5361,|2r=3ig=11-1,'',0,1
2019-08-24 12:22:37,192.168.0.104,UPDATE,5361,5359,|2r=3ig=z-2,'',0,1
2019-08-24 12:22:37,192.168.0.104,UPDATE,5359,5358,|2r=3ig=y-1,'',0,1
2019-08-24 12:22:37,192.168.0.108,UPDATE,5253,5254,|x=1ch=17*0+1,'p',1,0
2019-08-24 12:22:37,192.168.0.104,UPDATE,5358,5357,|2r=3ig=x-1,'',0,1
2019-08-24 12:22:38,192.168.0.108,UPDATE,5254,5257,|x=1ch=18*0+3,'rot',1,0
2019-08-24 12:22:38,192.168.0.108,UPDATE,5257,5260,|x=1ch=1b*0+3,'ein',1,0
2019-08-24 12:22:39,192.168.0.108,UPDATE,5260,5261,|x=1ch=1e*0+1,'s',1,0
2019-08-24 12:22:40,192.168.0.108,UPDATE,5261,5262,|x=1ch=1f*0+1,'',1,0
2019-08-24 12:22:40,192.168.0.108,UPDATE,5262,5263,|x=1ch=1g*0+1,'(',1,0
2019-08-24 12:22:41,192.168.0.108,UPDATE,5263,5264,|x=1ch=1h*0+1,'e',1,0
2019-08-24 12:22:41,192.168.0.108,UPDATE,5264,5265,|x=1ch=1i*0+1,'n',1,0
2019-08-24 12:22:42,192.168.0.106,UPDATE,5357,5411,|2u=3lv*0+1i,'',1,0
2019-08-24 12:22:42,192.168.0.108,UPDATE,5265,5266,|x=1ch=1j*0+1,'z',1,0
2019-08-24 12:22:42,192.168.0.108,UPDATE,5266,5270,|x=1ch=1k*0+4,'ymes',1,0
2019-08-24 12:22:42,192.168.0.110,UPDATE,5266,5268,|r=162=7*0+2,',',1
2019-08-24 12:22:43,192.168.0.110,UPDATE,5272,5275,|r=162=9*0+3,'con',1,0
2019-08-24 12:22:43,192.168.0.108,UPDATE,5270,5271,|x=1ch=1o*0+1,')',1,0
2019-08-24 12:22:43,192.168.0.104,UPDATE,5411,5468,|2t=3k3=1r*0|1+1*0+1k,'',2,0
2019-08-24 12:22:43,192.168.0.110,UPDATE,5276,5281,|r=162=c*0+5,'taint',1,0
2019-08-24 12:22:44,192.168.0.110,UPDATE,5281,5282,|r=162=g-1*0+2,'s',1,1
2019-08-24 12:22:44,192.168.0.110,UPDATE,5282,5286,|r=162=i*0+4,'the',1,0
2019-08-24 12:22:46,192.168.0.106,UPDATE,5468,5469,|2v=3ng=1i*0+1,'N',1,0
2019-08-24 12:22:46,192.168.0.110,UPDATE,5286,5288,|r=162=m*0+2,'mi',1,0
2019-08-24 12:22:46,192.168.0.106,UPDATE,5469,5468,|2v=3ng=1i-1,'',0,1
2019-08-24 12:22:46,192.168.0.110,UPDATE,5288,5292,|r=162=o*0+4,'toch',1,0
2019-08-24 12:22:47,192.168.0.110,UPDATE,5292,5296,|r=162=s*0+4,'ondi',1,0
2019-08-24 12:22:47,192.168.0.110,UPDATE,5296,5297,|r=162=v-1*0+2,'ri',1,1
2019-08-24 12:22:48,192.168.0.110,UPDATE,5297,5300,|r=162=x*0+3,'al',1,0
2019-08-24 12:22:48,192.168.0.110,UPDATE,5300,5303,|r=162=10*0+3,'DNA',1,0
2019-08-24 12:22:49,192.168.0.110,UPDATE,5303,5308,|r=162=13*0+5,'and',1,0
2019-08-24 12:22:49,192.168.0.104,UPDATE,5468,5469,|2t=3k3=u*0+1,'N',1,0
2019-08-24 12:22:52,192.168.0.106,UPDATE,5469,5470,|2v=3nh=1i*0+1,'',1,0
2019-08-24 12:22:53,192.168.0.104,UPDATE,5470,5471,|2t=3k3=v*0+1,'A',1,0
2019-08-24 12:22:53,192.168.0.106,UPDATE,5470,5473,|2v=3nh=1j*0+3,'',1,0
2019-08-24 12:22:54,192.168.0.106,UPDATE,5474,5475,|2v=3ni=1m*0+1,'N',1,0
2019-08-24 12:22:54,192.168.0.104,UPDATE,5474,5475,|2t=3k3=w*0+1,'D',1,0
2019-08-24 12:22:55,192.168.0.106,UPDATE,5476,5477,|2v=3nj=1n*0+1,'A',1,0
2019-08-24 12:22:55,192.168.0.106,UPDATE,5477,5478,|2v=3nj=1o*0+1,'D',1,0
2019-08-24 12:22:56,192.168.0.106,UPDATE,5478,5479,|2v=3nj=1p*0+1,'H',1,0
2019-08-24 12:22:56,192.168.0.110,UPDATE,5308,5310,|r=162=18*0+2,'ri',1,0
2019-08-24 12:22:56,192.168.0.110,UPDATE,5310,5314,|r=162=1a*0+4,'bose',1,0
2019-08-24 12:22:56,192.168.0.106,UPDATE,5479,5538,|2v=3nj=1q*0|1+1*0+1m,'',2,0
2019-08-24 12:22:57,192.168.0.110,UPDATE,5314,5317,|r=162=1d-1*0+4,'omes',1,1
2019-08-24 12:22:57,192.168.0.106,UPDATE,5538,5539,|2w=3pa=1m*0+1,'',1,0
2019-08-24 12:22:58,192.168.0.106,UPDATE,5539,5536,|2w=3pa=1k-3,'',0,1
2019-08-24 12:22:58,192.168.0.106,UPDATE,5536,5537,|2w=3pa=1k*0+1,'F',1,0
2019-08-24 12:22:59,192.168.0.106,UPDATE,5537,5538,|2w=3pa=1l*0+1,'A',1,0
2019-08-24 12:22:59,192.168.0.104,UPDATE,5538,5569,|2t=3k3=x*0|1+1*0+u,'',2,0
2019-08-24 12:23:00,192.168.0.106,UPDATE,5569,5571,|2x=3q5=1m*0+2,'DH',1,0
2019-08-24 12:23:01,192.168.0.104,UPDATE,5571,5572,|2u=3l1=u*0+1,'F',1,0
2019-08-24 12:23:02,192.168.0.104,UPDATE,5572,5573,|2u=3l1=v*0+1,'A',1,0
2019-08-24 12:23:02,192.168.0.104,UPDATE,5573,5574,|2u=3l1=w*0+1,'D',1,0
2019-08-24 12:23:42,192.168.0.106,UPDATE,5574,5575,|2w=3oh=1q*0+1,'2',1,0
2019-08-24 12:23:43,192.168.0.106,UPDATE,5575,5576,|2x=3q9=1o*0+1,'2',1,0
2019-08-24 12:23:54,192.168.0.102,UPDATE,5576,5575,|2w=3oh=1q-1,'',0,1
2019-08-24 12:24:25,192.168.0.109,UPDATE,5317,5318,|1e=20o*0+1,'m',1,0
2019-08-24 12:24:25,192.168.0.109,UPDATE,5318,5320,|1e=20o=1*0+2,'is',1,0
2019-08-24 12:24:26,192.168.0.109,UPDATE,5320,5323,|1e=20o=3*0+3,'se',1,0
2019-08-24 12:24:26,192.168.0.109,UPDATE,5323,5327,|1e=20o=6*0+4,'e on',1,0
2019-08-24 12:24:27,192.168.0.109,UPDATE,5327,5331,|1e=20o=a*0+4,'soo',1,0
2019-08-24 12:24:27,192.168.0.109,UPDATE,5331,5334,|1e=20o=e*0+3,'vik',1,0
2019-08-24 12:24:28,192.168.0.109,UPDATE,5334,5337,|1e=20o=h*0+3,'s t',1,0
2019-08-24 12:24:29,192.168.0.109,UPDATE,5337,5338,|1e=20o=k*0+1,'e',1,0
2019-08-24 12:24:29,192.168.0.109,UPDATE,5338,5340,|1e=20o=l*0+2,'ed',1,0
2019-08-24 12:24:31,192.168.0.108,UPDATE,5340,5341,|1e=20o=l*0+1,'s',1,0
2019-08-24 12:24:31,192.168.0.108,UPDATE,5341,5344,|1e=20o=m*0+3,'ama',1,0
2019-08-24 12:24:36,192.168.0.109,UPDATE,5344,5343,|1e=20o=o-1,'',0,1
2019-08-24 12:24:37,192.168.0.109,UPDATE,5343,5341,|1e=20o=m-2,'',0,1
2019-08-24 12:24:37,192.168.0.109,UPDATE,5341,5340,|1e=20o=l-1,'',0,1
2019-08-24 12:24:42,192.168.0.108,UPDATE,5340,5341,|1e=20o=n*0+1,'s',1,0
2019-08-24 12:24:42,192.168.0.108,UPDATE,5341,5345,|1e=20o=o*0+4,'amam',1,0
2019-08-24 12:24:44,192.168.0.108,UPDATE,5345,5344,|1e=20o=r-1,'',0,1
2019-08-24 12:24:45,192.168.0.108,UPDATE,5344,5345,|1e=20o=r*0+1,'',1,0
2019-08-24 12:24:46,192.168.0.108,UPDATE,5345,5346,|1e=20o=s*0+1,'k',1,0
2019-08-24 12:24:46,192.168.0.108,UPDATE,5346,5347,|1e=20o=t*0+1,'a',1,0
2019-08-24 12:24:47,192.168.0.108,UPDATE,5347,5350,|1e=20o=u*0+3,'uma',1,0
2019-08-24 12:24:47,192.168.0.108,UPDATE,5350,5354,|1e=20o=x*0+4,'bama',1,0
2019-08-24 12:24:55,192.168.0.108,UPDATE,5354,5353,|1e=20o=10-1,'',0,1
2019-08-24 12:24:55,192.168.0.108,UPDATE,5353,5350,|1e=20o=x-3,'',0,1
2019-08-24 12:24:56,192.168.0.108,UPDATE,5350,5348,|1e=20o=v-2,'',0,1
2019-08-24 12:24:56,192.168.0.108,UPDATE,5348,5346,|1e=20o=t-2,'',0,1
2019-08-24 12:24:57,192.168.0.108,UPDATE,5346,5345,|1e=20o=s-1,'',0,1
2019-08-24 12:25:35,192.168.0.110,UPDATE,5345,5346,|1g=21i*0+1,'o',1,0
2019-08-24 12:25:36,192.168.0.110,UPDATE,5346,5347,|1g=21i=1*0+1,'l',1,0
2019-08-24 12:30:14,192.168.0.102,UPDATE,5575,5576,|3f=43p=1b*0+1,'',1,0
2019-08-24 12:30:21,192.168.0.102,UPDATE,5576,5577,|3f=43p=1c*0+1,'A',1,0
2019-08-24 12:30:22,192.168.0.102,UPDATE,5577,5578,|3f=43p=1d*0+1,'d',1,0
2019-08-24 12:30:22,192.168.0.102,UPDATE,5578,5580,|3f=43p=1e*0+2,'di',1,0
2019-08-24 12:30:23,192.168.0.102,UPDATE,5580,5581,|3f=43p=1g*0+1,'n',1,0
2019-08-24 12:30:23,192.168.0.102,UPDATE,5581,5583,|3f=43p=1h*0+2,'g',1,0
2019-08-24 12:30:24,192.168.0.102,UPDATE,5583,5585,|3f=43p=1j*0+2,'a',1,0
2019-08-24 12:30:28,192.168.0.102,UPDATE,5585,5586,|3f=43p=1l*0+1,'p',1,0
2019-08-24 12:30:28,192.168.0.102,UPDATE,5586,5587,|3f=43p=1m*0+1,'h',1,0
2019-08-24 12:30:29,192.168.0.102,UPDATE,5587,5589,|3f=43p=1n*0+2,'os',1,0
2019-08-24 12:30:29,192.168.0.102,UPDATE,5589,5591,|3f=43p=1p*0+2,'ph',1,0
2019-08-24 12:30:30,192.168.0.102,UPDATE,5591,5592,|3f=43p=1r*0+1,'o',1,0
2019-08-24 12:30:30,192.168.0.102,UPDATE,5592,5593,|3f=43p=1s*0+1,'r',1,0
2019-08-24 12:30:33,192.168.0.102,UPDATE,5593,5592,|3f=43p=1s-1,'',0,1
2019-08-24 12:30:34,192.168.0.102,UPDATE,5592,5591,|3f=43p=1r-1,'',0,1
2019-08-24 12:30:34,192.168.0.102,UPDATE,5591,5593,|3f=43p=1r*0+2,'at',1,0
2019-08-24 12:30:35,192.168.0.102,UPDATE,5593,5595,|3f=43p=1t*0+2,'e',1,0
2019-08-24 12:30:36,192.168.0.102,UPDATE,5595,5596,|3f=43p=1v*0+1,'g',1,0
2019-08-24 12:30:36,192.168.0.102,UPDATE,5596,5598,|3f=43p=1w*0+2,'ro',1,0
2019-08-24 12:30:37,192.168.0.102,UPDATE,5598,5600,|3f=43p=1y*0+2,'ut',1,0
2019-08-24 12:30:38,192.168.0.102,UPDATE,5600,5601,|3f=43p=20*0+1,'',1,0
2019-08-24 12:30:38,192.168.0.102,UPDATE,5601,5602,|3f=43p=21*0+1,'t',1,0
2019-08-24 12:30:38,192.168.0.102,UPDATE,5602,5601,|3f=43p=21-1,'',0,1
2019-08-24 12:30:39,192.168.0.102,UPDATE,5601,5604,|3f=43p=21*0+3,'in',1,0
2019-08-24 12:30:40,192.168.0.102,UPDATE,5604,5606,|3f=43p=24*0+2,'or',1,0
2019-08-24 12:30:40,192.168.0.102,UPDATE,5606,5609,|3f=43p=26*0+3,'der',1,0
2019-08-24 12:30:41,192.168.0.102,UPDATE,5609,5611,|3f=43p=29*0+2,'t',1,0
2019-08-24 12:30:41,192.168.0.102,UPDATE,5611,5613,|3f=43p=2b*0+2,'o',1,0
2019-08-24 12:30:44,192.168.0.102,UPDATE,5613,5612,|3f=43p=1z-1,'',0,1
2019-08-24 12:30:44,192.168.0.102,UPDATE,5612,5613,|3f=43p=1z*0+1,'p',1,0
2019-08-24 12:30:48,192.168.0.102,UPDATE,5613,5614,|3f=43p=2d*0+1,'m',1,0
2019-08-24 12:30:48,192.168.0.102,UPDATE,5614,5617,|3f=43p=2e*0+3,'ake',1,0
2019-08-24 12:30:49,192.168.0.102,UPDATE,5617,5618,|3f=43p=2h*0+1,'',1,0
2019-08-24 12:30:50,192.168.0.102,UPDATE,5618,5619,|3f=43p=2i*0+1,'t',1,0
2019-08-24 12:30:51,192.168.0.102,UPDATE,5619,5620,|3f=43p=2j*0+1,'h',1,0
2019-08-24 12:30:52,192.168.0.102,UPDATE,5620,5619,|3f=43p=2j-1,'',0,1
2019-08-24 12:30:52,192.168.0.102,UPDATE,5619,5618,|3f=43p=2i-1,'',0,1
2019-08-24 12:31:07,192.168.0.102,UPDATE,5618,5619,|3f=43p=2i*0+1,'m',1,0
2019-08-24 12:31:08,192.168.0.102,UPDATE,5619,5620,|3f=43p=2j*0+1,'o',1,0
2019-08-24 12:31:08,192.168.0.102,UPDATE,5620,5622,|3f=43p=2k*0+2,'le',1,0
2019-08-24 12:31:09,192.168.0.102,UPDATE,5622,5625,|3f=43p=2m*0+3,'cul',1,0
2019-08-24 12:31:10,192.168.0.102,UPDATE,5625,5627,|3f=43p=2p*0+2,'s',1,0
2019-08-24 12:31:10,192.168.0.102,UPDATE,5627,5626,|3f=43p=2q-1,'',0,1
2019-08-24 12:31:11,192.168.0.102,UPDATE,5626,5622,|3f=43p=2m-4,'',0,1
2019-08-24 12:31:11,192.168.0.102,UPDATE,5622,5621,|3f=43p=2l-1,'',0,1
2019-08-24 12:31:12,192.168.0.102,UPDATE,5621,5622,|3f=43p=2l*0+1,'e',1,0
2019-08-24 12:31:13,192.168.0.102,UPDATE,5622,5624,|3f=43p=2m*0+2,'cu',1,0
2019-08-24 12:31:13,192.168.0.102,UPDATE,5624,5626,|3f=43p=2o*0+2,'le',1,0
2019-08-24 12:31:14,192.168.0.102,UPDATE,5626,5629,|3f=43p=2q*0+3,'s l',1,0
2019-08-24 12:31:14,192.168.0.102,UPDATE,5629,5631,|3f=43p=2t*0+2,'es',1,0
2019-08-24 12:31:15,192.168.0.102,UPDATE,5631,5633,|3f=43p=2v*0+2,'s',1,0
2019-08-24 12:31:16,192.168.0.102,UPDATE,5633,5634,|3f=43p=2x*0+1,'s',1,0
2019-08-24 12:31:16,192.168.0.102,UPDATE,5634,5635,|3f=43p=2y*0+1,'t',1,0
2019-08-24 12:31:16,192.168.0.102,UPDATE,5635,5637,|3f=43p=2z*0+2,'ab',1,0
2019-08-24 12:31:17,192.168.0.102,UPDATE,5637,5639,|3f=43p=31*0+2,'le',1,0
2019-08-24 12:31:27,192.168.0.102,UPDATE,5639,5640,|3f=43p=33*0+1,'.',1,0
2019-08-24 12:31:36,192.168.0.103,UPDATE,5640,5641,|3f=43p=2r*0+1,'',1,0
2019-08-24 12:31:37,192.168.0.103,UPDATE,5641,5643,|3f=43p=2s*0+2,'fg',1,0
2019-08-24 12:31:37,192.168.0.103,UPDATE,5643,5644,|3f=43p=2u*0+1,'',1,0
2019-08-24 12:31:38,192.168.0.103,UPDATE,5644,5643,|3f=43p=2u-1,'',0,1
2019-08-24 12:31:38,192.168.0.103,UPDATE,5643,5641,|3f=43p=2s-2,'',0,1
2019-08-24 12:31:39,192.168.0.103,UPDATE,5641,5640,|3f=43p=2r-1,'',0,1
